battery_power,blue,clock_speed,dual_sim,fc,four_g,n_cores,pc,sc_h,sc_w,talk_time,three_g,touch_screen,price_range
842,0,2.2,0,1,0,2,2,9,7,19,0,0,1
1021,1,0.5,1,0,1,3,6,17,3,7,1,1,2
563,1,0.5,1,2,1,5,6,11,2,9,1,1,2
615,1,2.5,0,0,0,6,9,16,8,11,1,0,2
1821,1,1.2,0,13,1,2,14,8,2,15,1,1,1
1859,0,0.5,1,3,0,1,7,17,1,10,1,0,1
1821,0,1.7,0,4,1,8,10,13,8,18,1,0,3
1954,0,0.5,1,0,0,4,0,16,3,5,1,1,0
1445,1,0.5,0,0,0,7,14,17,1,20,1,0,0
509,1,0.6,1,2,1,5,15,19,10,12,1,0,0
769,1,2.9,1,0,0,5,1,5,2,7,0,0,3
1520,1,2.2,0,5,1,8,18,14,9,13,1,1,3
803,1,2.1,0,7,0,4,11,7,1,4,1,0,2
1866,0,0.5,0,13,1,1,17,14,9,3,1,0,0
775,0,1.0,0,3,0,2,16,17,15,11,1,1,0
838,0,0.5,0,1,1,8,4,10,9,19,1,0,3
595,0,0.9,1,7,1,3,17,10,2,18,1,1,3
1131,1,0.5,1,11,0,5,18,19,13,16,1,1,1
682,1,0.5,0,4,0,4,11,11,1,18,0,1,1
772,0,1.1,1,12,0,7,14,17,15,3,1,1,3
1709,1,2.1,0,1,0,2,2,17,1,15,1,0,3
1949,0,2.6,1,4,0,4,7,11,5,20,0,0,1
1602,1,2.8,1,4,1,3,20,8,7,20,1,0,0
961,1,1.4,1,0,1,8,3,18,9,7,1,1,2
519,1,1.6,1,7,1,4,19,16,1,4,1,0,3
956,0,0.5,0,1,1,7,6,17,8,12,1,1,3
1453,0,1.6,1,12,1,2,18,10,1,10,1,1,2
851,0,0.5,0,3,0,5,7,12,7,10,1,0,0
1579,1,0.5,1,0,0,7,9,17,11,12,0,0,3
1568,1,0.5,0,16,0,8,20,5,1,6,1,1,0
1319,1,0.9,0,3,1,1,18,18,5,3,1,1,1
644,1,2.7,0,0,0,8,3,12,1,15,1,0,0
725,0,1.3,1,16,0,8,17,10,4,15,1,0,1
589,1,2.3,1,1,0,4,10,13,7,2,1,0,1
1725,1,1.6,1,6,1,2,18,6,5,4,1,1,3
790,0,2.0,1,16,1,6,17,6,1,2,1,0,2
560,0,0.5,1,15,0,2,20,18,12,11,1,1,2
1347,0,2.9,0,5,0,1,14,18,2,11,1,0,2
1646,1,2.3,0,8,1,2,10,18,10,19,1,1,3
1656,0,1.0,0,5,1,3,7,15,12,14,1,1,1
1195,1,2.8,0,1,1,2,14,9,3,12,1,1,0
1514,0,2.9,0,0,0,3,1,8,3,20,0,1,1
1723,1,1.1,1,1,0,8,14,10,5,3,1,0,3
1054,1,1.8,1,3,1,7,10,16,12,12,1,0,1
578,1,2.6,1,2,1,8,8,15,3,5,1,0,0
596,0,2.1,1,9,0,8,15,16,13,10,0,0,3
1760,0,1.4,1,5,0,8,19,19,12,16,0,1,2
1654,1,1.5,1,0,1,2,0,12,5,10,1,1,3
1457,0,1.9,1,1,1,3,10,17,8,12,1,0,1
1936,0,2.1,1,10,1,3,20,14,7,13,1,0,2
823,1,2.7,1,13,0,8,19,14,11,17,1,1,0
987,0,1.3,1,0,1,3,9,9,4,20,1,0,3
1757,0,0.5,0,8,0,6,14,7,5,4,0,0,1
1063,0,1.4,1,2,1,5,4,15,13,9,1,1,2
1484,0,3.0,0,3,0,3,5,14,4,20,1,1,1
799,1,2.3,0,1,1,8,6,15,6,6,1,1,0
1720,0,2.0,0,15,1,2,18,14,2,5,1,1,2
702,0,2.6,1,2,1,3,3,10,4,19,1,0,2
616,0,1.9,1,13,1,3,17,18,8,13,1,1,3
1358,1,0.5,0,11,1,4,14,9,4,4,1,1,3
1866,0,1.4,0,0,0,3,0,16,11,8,0,0,3
1242,0,1.1,1,0,0,2,1,11,1,4,1,0,0
1166,0,1.5,1,0,1,4,1,7,1,7,1,1,3
1448,1,0.5,1,6,1,7,11,13,11,2,1,1,3
1407,1,2.4,0,1,1,4,4,9,7,13,1,0,2
605,0,1.0,0,8,1,3,16,15,6,4,1,0,0
797,1,2.9,1,4,0,4,6,9,2,6,0,1,0
819,0,0.6,1,8,1,6,20,5,4,13,1,0,1
1114,0,2.8,0,4,1,3,15,10,7,17,1,1,0
1234,1,1.6,1,1,0,1,3,11,7,6,0,0,0
1199,1,2.5,1,15,1,4,20,17,13,10,1,0,3
1103,0,1.0,1,6,0,6,8,8,7,16,0,1,1
1589,1,0.6,1,0,1,7,7,19,10,6,1,1,3
999,0,2.9,1,11,1,4,19,14,11,16,1,1,2
1510,1,0.9,1,2,0,5,3,9,6,11,0,1,3
1008,0,0.8,0,11,0,3,15,10,3,11,1,0,1
1127,1,2.9,1,5,1,1,13,11,5,17,1,1,1
1412,1,2.4,0,5,0,8,17,15,9,4,0,0,1
1083,1,2.9,1,1,1,3,11,13,3,4,1,0,3
668,0,0.5,1,0,0,5,13,9,5,8,1,1,2
1309,0,1.1,1,0,0,4,14,10,1,11,1,0,2
1724,0,2.0,1,2,1,3,5,19,3,16,1,1,3
1977,1,2.0,1,7,1,7,18,18,7,14,1,1,2
885,0,2.3,1,0,1,7,0,16,10,5,1,1,0
879,1,2.5,0,11,1,6,15,16,10,2,1,0,0
1322,0,1.7,1,6,0,3,9,19,17,12,0,1,1
1137,1,1.0,0,18,0,3,19,13,5,12,1,1,3
1355,0,2.3,0,10,1,5,16,19,4,8,1,1,0
1665,1,0.5,0,3,1,6,18,18,17,14,1,0,2
657,0,2.5,0,0,0,2,1,14,3,18,0,1,0
593,0,0.5,0,6,0,7,7,6,2,7,1,0,1
1883,1,0.5,0,3,1,6,13,16,8,20,1,0,3
1732,1,1.1,0,4,1,8,9,16,7,11,1,0,1
543,0,0.5,0,0,0,5,4,17,14,15,1,0,1
1939,1,2.8,1,0,1,4,10,14,10,18,1,1,0
553,0,2.4,1,1,1,7,3,11,4,8,1,1,0
832,0,0.7,1,2,1,4,3,5,2,11,1,0,1
1661,0,1.9,1,5,0,5,10,12,6,11,0,1,3
1657,1,2.4,0,3,0,5,16,18,1,14,1,0,3
1135,1,2.0,1,0,0,1,4,19,17,9,1,1,3
1775,1,1.5,0,3,0,1,7,19,13,14,1,1,3
783,0,1.8,1,0,1,3,4,16,4,18,1,1,1
617,1,2.3,0,0,0,7,20,18,13,7,0,0,1
867,0,1.4,1,0,1,6,1,13,6,3,1,1,0
1310,1,1.1,1,13,0,5,14,8,4,5,1,1,2
1804,0,0.5,0,9,1,7,19,9,1,20,1,0,3
1900,1,2.3,0,1,1,7,9,12,1,13,1,1,3
909,1,1.4,0,0,0,8,0,12,9,4,1,0,2
1084,1,2.6,0,3,1,3,11,15,4,10,1,1,1
1308,0,1.3,1,8,0,1,12,5,3,9,0,1,0
1701,1,1.6,1,3,0,8,7,12,9,6,0,1,2
772,1,2.4,1,1,1,4,2,18,11,4,1,1,3
825,1,0.5,1,7,0,3,10,10,4,6,0,1,3
1379,0,1.1,0,5,1,2,7,5,4,17,1,1,3
1166,0,2.0,0,3,1,5,4,13,5,15,1,0,2
1659,0,2.8,0,5,0,1,20,19,14,9,0,0,3
826,1,2.4,1,0,1,4,1,9,3,18,1,0,2
1564,0,2.3,0,4,1,6,17,6,4,7,1,1,1
1571,0,1.4,0,0,1,6,1,12,10,13,1,1,0
1414,0,2.0,1,2,0,7,3,17,7,7,1,0,3
645,0,0.5,0,1,0,7,10,12,9,4,1,1,2
668,0,2.9,1,7,0,8,12,10,5,7,1,1,1
1652,1,1.1,1,1,0,4,5,12,8,20,0,0,2
1213,1,0.5,0,0,0,5,0,12,3,9,0,0,2
1272,1,2.5,1,0,0,6,8,19,4,4,1,0,1
866,0,0.5,1,5,1,8,7,12,11,2,1,1,3
536,0,2.4,1,12,1,7,14,12,9,4,1,1,0
523,0,2.6,1,1,0,8,2,9,1,9,0,1,0
1537,1,2.5,0,4,1,1,5,18,17,17,1,1,3
786,0,2.2,1,0,0,7,6,12,11,5,1,0,2
1814,0,1.4,1,1,1,2,2,18,12,16,1,0,3
1101,0,1.8,0,0,0,2,7,12,6,19,0,1,1
1461,0,2.4,1,3,1,7,4,16,1,4,1,0,3
1216,0,3.0,0,4,0,3,7,13,5,4,0,1,2
506,0,1.6,0,6,1,1,7,13,10,15,1,0,2
843,1,0.5,0,1,1,5,17,10,1,20,1,1,1
742,0,2.2,1,4,0,7,14,16,11,12,0,1,3
1692,1,2.1,0,3,1,6,12,16,7,19,1,0,1
1485,0,1.0,0,2,1,2,9,19,1,11,1,1,2
1547,0,2.9,1,6,0,2,8,12,2,3,0,1,0
1692,0,2.3,1,4,1,1,6,16,10,6,1,1,1
637,0,2.3,0,3,1,4,4,18,4,8,1,0,0
1481,1,0.7,1,4,1,5,13,10,5,16,1,1,2
961,1,1.5,1,10,0,6,16,15,6,7,1,1,2
1296,0,0.9,1,0,1,5,3,7,1,4,1,1,0
1193,0,0.9,0,11,0,1,20,17,14,4,1,0,0
1441,0,2.1,1,11,1,8,17,16,4,7,1,0,2
517,0,1.4,1,3,1,4,8,17,16,11,1,0,3
748,1,1.7,0,0,1,8,4,18,9,7,1,0,1
1126,1,2.4,0,2,1,6,3,7,6,12,1,1,2
1572,0,0.6,0,0,1,7,8,12,8,10,1,0,3
1569,0,2.8,1,17,0,4,20,9,2,17,1,0,1
1270,1,0.6,1,2,1,7,6,5,3,13,1,1,3
1854,0,3.0,0,2,1,5,5,17,4,20,1,1,1
625,1,1.2,1,5,1,4,8,9,1,7,1,1,2
1577,0,0.5,1,0,1,5,4,19,6,12,1,0,2
534,0,0.5,1,0,1,5,1,16,12,20,1,0,3
946,0,1.7,1,8,1,6,15,7,5,13,1,1,2
685,0,0.5,0,2,0,7,10,14,8,4,0,0,0
1949,0,1.3,1,0,0,5,1,14,8,20,1,0,3
947,0,0.8,1,0,1,2,13,16,12,2,1,0,2
801,1,2.2,1,2,0,7,4,17,4,19,0,0,1
703,1,2.7,0,12,1,1,20,14,7,7,1,0,0
1165,1,2.4,0,11,0,6,12,19,12,15,1,0,0
1082,0,0.8,0,0,0,8,5,6,1,17,0,1,2
959,1,2.6,1,15,0,4,19,16,1,6,1,0,3
1502,1,1.2,0,0,0,5,12,17,14,16,1,1,3
1380,1,2.1,1,1,1,3,13,13,2,15,1,1,0
1934,1,2.6,1,0,1,1,17,13,9,2,1,1,3
1905,1,0.5,0,3,1,1,5,9,5,10,1,1,1
1831,0,1.4,1,2,0,5,5,17,7,13,1,1,3
596,0,1.4,0,8,0,1,18,15,4,15,1,1,1
1562,1,1.3,1,1,1,5,15,12,10,6,1,0,2
1490,1,0.5,1,4,1,8,8,17,9,7,1,1,3
1523,1,2.4,0,5,1,2,6,18,12,10,1,1,3
640,0,0.6,0,0,0,4,15,7,5,18,1,1,2
1526,0,2.1,0,1,1,7,8,18,10,3,1,1,2
1989,0,2.5,1,0,1,3,13,17,9,12,1,1,2
1308,0,1.9,0,0,1,3,7,15,2,4,1,0,3
609,0,0.5,0,3,0,4,4,11,10,14,1,1,1
1905,0,0.6,1,9,1,3,20,13,4,16,1,0,1
1703,1,0.5,0,0,1,1,0,5,4,13,1,0,0
1445,1,2.4,1,7,1,7,15,7,4,13,1,1,1
1087,0,1.3,0,0,1,3,9,14,6,6,1,0,0
671,0,0.9,1,10,0,7,17,6,4,15,1,0,2
1472,1,2.3,0,6,0,6,19,19,15,8,1,0,2
765,0,0.5,1,0,1,8,1,11,7,4,1,0,2
1642,0,0.5,1,16,1,6,17,13,4,17,1,0,2
664,1,1.1,1,1,1,7,4,19,15,6,1,1,3
1277,1,0.5,1,0,1,6,6,18,17,6,1,1,3
1539,1,2.6,0,0,0,8,0,15,9,10,1,0,2
1049,1,2.2,0,9,0,5,17,11,3,13,0,0,0
1827,0,1.7,0,4,1,5,16,14,9,10,1,1,2
903,0,1.0,1,0,1,1,0,9,5,10,1,1,0
1987,1,0.5,0,3,1,3,7,18,5,8,1,1,3
1154,0,1.2,1,0,1,8,2,5,3,7,1,0,0
1336,0,0.9,0,5,1,5,9,13,1,16,1,1,1
1886,0,0.5,0,0,1,3,1,16,7,20,1,0,1
1551,0,1.1,0,4,0,5,6,11,8,4,0,1,3
850,1,1.6,1,6,1,5,19,19,17,10,1,0,0
660,0,0.5,0,5,1,2,10,6,5,18,1,1,0
1225,1,2.1,1,8,0,4,12,12,11,11,0,0,3
1452,1,0.5,1,1,1,6,11,12,10,13,1,0,2
1686,1,2.8,1,3,0,4,4,14,11,2,0,0,3
1634,1,1.4,0,1,1,2,5,11,6,6,1,1,3
1708,1,2.4,1,18,1,1,19,6,4,16,1,1,3
1151,1,2.9,1,0,0,8,1,18,8,13,0,1,2
1578,0,1.9,1,2,1,4,19,19,16,3,1,0,2
1689,0,1.8,0,17,0,3,18,7,2,7,0,1,3
1488,0,0.5,0,1,0,5,6,14,10,19,0,0,3
1313,1,1.8,1,4,0,1,6,11,10,6,0,1,3
1715,0,1.0,1,4,1,8,17,17,6,13,1,0,0
1442,0,1.0,1,0,0,3,19,6,5,20,1,1,1
528,0,1.7,0,12,1,2,15,9,8,6,1,1,2
1523,1,1.8,0,6,1,1,8,19,8,19,1,1,0
1133,0,1.4,0,3,0,5,12,18,12,20,1,0,1
1718,1,2.5,1,14,1,5,16,7,1,8,1,1,3
1799,1,0.5,0,0,0,4,2,12,2,11,1,1,0
633,1,2.2,0,0,1,8,1,11,1,16,1,1,2
724,0,2.7,1,0,0,7,0,7,6,7,1,0,2
822,1,0.5,0,0,1,6,20,10,1,3,1,0,3
1918,0,1.9,0,2,0,5,10,7,1,16,1,1,2
1891,0,2.8,0,7,1,7,14,8,6,11,1,0,3
1373,1,1.0,1,2,0,7,12,8,3,14,1,0,3
862,1,0.8,1,3,0,2,15,16,3,11,0,0,0
1273,0,1.0,0,3,1,4,15,18,15,11,1,1,1
957,1,2.5,0,4,0,5,10,12,5,7,1,0,1
893,0,2.5,1,0,0,2,1,7,1,6,0,1,2
1210,0,0.5,0,0,0,5,0,17,9,7,0,0,2
708,1,2.7,1,0,1,8,7,6,5,7,1,1,1
835,0,1.1,1,2,0,4,7,13,5,15,1,1,0
1450,1,2.7,1,9,0,1,17,15,9,12,0,0,0
973,1,1.5,0,5,1,7,16,6,4,2,1,0,2
601,1,1.4,0,4,1,4,13,12,8,10,1,1,0
564,0,1.8,1,0,1,3,1,14,8,15,1,1,0
1559,1,1.6,1,6,1,6,17,9,1,3,1,1,3
754,0,0.5,1,7,1,7,10,6,3,5,1,0,1
728,0,2.7,1,0,0,4,1,5,1,12,1,1,1
1431,1,0.5,0,0,1,1,1,7,3,8,1,0,0
1992,1,1.6,0,5,1,2,15,9,3,4,1,1,1
1876,0,0.5,0,10,1,6,14,10,8,16,1,1,3
1054,0,1.1,1,10,1,6,12,18,4,14,1,1,1
1283,1,1.6,1,4,0,5,5,9,6,17,1,1,2
1281,1,2.3,1,0,0,1,6,12,1,6,0,1,1
1066,0,0.6,0,2,1,7,18,19,13,6,1,1,0
730,0,2.1,1,0,1,8,2,19,15,4,1,1,0
1053,1,0.8,1,7,1,1,12,17,6,5,1,1,3
1611,1,0.5,1,11,0,3,14,8,4,9,1,0,1
793,0,1.0,1,5,1,2,15,17,13,14,1,1,2
1220,0,2.9,0,3,0,4,8,19,11,15,1,1,2
1662,0,0.5,0,0,1,4,13,9,5,13,1,1,3
1281,1,2.8,1,3,1,4,19,8,2,9,1,1,1
538,0,0.8,0,12,1,7,13,8,4,9,1,0,0
823,1,0.5,0,0,0,8,4,13,9,11,0,0,0
1733,1,2.8,0,3,1,6,20,17,16,9,1,0,3
1429,0,1.5,1,0,1,3,14,11,7,18,1,0,3
1839,1,1.2,0,9,1,7,11,19,10,18,1,0,1
659,0,2.7,0,6,1,3,7,15,5,2,1,0,1
1953,1,2.1,1,7,0,8,9,11,5,4,1,0,2
612,1,1.9,1,6,0,7,7,8,4,3,0,0,3
1563,0,2.4,0,0,1,8,0,7,5,5,1,1,3
1191,0,1.3,1,16,1,1,20,14,3,9,1,0,1
615,1,0.5,1,0,0,6,4,7,4,18,0,0,1
1893,1,2.1,1,8,0,2,11,14,3,18,0,1,3
1563,0,1.7,1,10,0,7,13,11,1,8,0,0,3
1995,1,1.9,0,6,0,6,18,14,12,18,1,1,2
1517,0,0.5,0,6,1,5,14,15,5,11,1,1,3
832,0,1.6,1,1,1,5,5,15,13,12,1,1,0
1595,1,2.6,0,7,0,8,19,15,1,16,0,1,3
1329,1,1.0,0,1,0,6,2,8,6,6,1,0,1
928,1,0.5,1,11,0,8,13,19,10,5,0,1,0
1656,1,0.5,1,8,1,7,17,12,8,19,1,0,1
1937,1,1.7,0,17,0,1,19,5,4,14,1,1,3
977,1,1.1,1,2,0,6,7,7,1,8,0,1,0
768,1,0.9,0,16,1,1,20,19,3,16,1,0,0
1464,1,0.5,1,11,0,2,14,5,3,15,0,1,3
1177,0,0.9,0,1,1,2,8,18,5,19,1,0,0
1348,0,2.0,0,18,0,3,20,18,11,7,1,1,1
1956,0,2.2,0,0,1,3,2,13,1,19,1,1,1
1751,0,0.5,1,6,0,6,20,8,6,17,0,0,2
1530,0,2.0,0,11,0,6,13,11,10,19,0,0,0
1997,1,1.8,1,1,0,4,8,7,6,15,1,0,2
1414,1,1.5,1,5,0,2,6,16,12,13,0,1,3
645,0,1.2,0,6,1,8,17,18,2,13,1,1,0
1163,0,2.8,1,0,0,2,0,19,2,12,0,0,2
1126,0,0.7,0,3,0,8,17,14,1,13,1,0,3
1648,0,0.7,0,6,1,4,9,8,1,6,1,1,1
1170,1,0.9,0,6,1,2,13,18,5,20,1,0,0
508,0,0.8,0,7,1,1,8,13,12,7,1,0,0
1097,0,2.1,1,6,0,3,8,14,5,9,1,0,1
1980,0,0.5,1,2,1,1,13,12,10,18,1,0,3
1504,0,2.3,1,1,0,1,2,6,5,10,0,1,3
1379,1,2.1,1,14,1,1,17,9,6,7,1,1,0
1698,0,2.1,0,5,1,6,20,13,3,14,1,0,0
920,0,2.1,1,5,0,7,14,10,7,5,0,1,0
1995,1,0.5,0,6,0,1,15,15,11,7,0,1,1
1430,0,0.5,1,1,0,1,16,7,1,15,0,1,2
972,1,0.5,1,5,0,5,8,11,6,13,0,1,1
662,0,0.5,0,5,0,1,10,17,15,15,0,1,1
1867,0,2.3,0,0,1,6,3,6,1,2,1,0,1
1882,1,1.3,1,8,0,2,13,17,1,11,0,0,2
803,0,0.8,1,0,0,4,1,18,15,12,0,1,2
580,1,1.2,1,0,0,3,1,15,1,11,1,1,3
668,0,2.3,0,2,1,1,19,14,12,4,1,1,0
1391,0,1.4,0,2,1,1,6,14,7,14,1,1,2
1560,0,2.3,0,0,1,7,1,15,11,16,1,1,2
821,0,1.8,1,5,0,3,9,8,4,15,1,0,2
811,1,2.4,1,5,1,6,13,18,7,2,1,0,1
1034,1,2.7,1,6,0,7,20,17,1,12,0,1,3
618,0,2.1,0,2,0,1,4,13,10,15,0,0,0
654,1,1.3,0,0,1,4,4,17,4,13,1,0,1
869,1,1.0,0,7,1,1,15,13,3,8,1,0,2
635,1,0.5,1,2,0,3,4,12,5,18,0,0,2
609,1,3.0,0,15,1,1,16,15,11,15,1,0,1
1557,0,2.8,1,16,0,5,20,18,16,9,0,0,3
1604,1,1.7,0,2,0,8,5,13,10,12,0,1,0
1182,0,0.5,0,7,1,8,16,19,17,19,1,0,2
1610,1,2.9,0,7,1,4,12,8,4,9,1,1,1
1828,1,2.1,1,0,0,1,1,17,14,4,0,0,2
880,0,2.0,1,1,1,7,3,15,9,6,1,0,0
1394,1,0.9,1,10,1,5,13,11,1,20,1,1,0
1960,1,2.3,1,1,1,7,3,10,7,11,1,0,3
809,0,0.8,0,10,0,7,19,18,7,3,0,0,1
899,0,0.5,1,13,1,2,18,11,1,7,1,1,0
1976,1,0.7,1,4,0,2,7,17,11,13,0,1,3
879,0,1.5,1,0,1,4,2,14,13,11,1,0,2
763,0,1.7,1,8,1,8,14,6,4,8,1,1,0
508,0,1.6,1,0,0,6,2,18,8,10,1,1,2
825,0,2.9,1,0,0,8,17,8,2,10,1,1,3
1864,0,1.4,0,8,1,1,12,11,7,18,1,1,2
1725,0,0.5,1,8,1,6,12,19,18,5,1,1,1
1108,1,2.9,0,10,0,2,12,16,1,13,0,1,3
1011,0,1.1,0,4,1,7,18,7,6,16,1,1,1
1703,1,1.5,1,17,1,5,19,5,1,20,1,1,3
1067,1,1.7,1,0,0,7,0,12,9,16,0,1,0
1334,1,2.4,0,5,1,5,14,10,1,8,1,0,3
775,1,2.6,0,0,0,7,10,17,16,9,1,0,2
1899,1,0.6,0,0,0,2,0,13,11,4,1,0,0
930,1,1.3,1,1,1,6,10,11,7,17,1,1,1
1058,0,1.5,0,2,0,4,14,9,7,16,0,0,0
1187,1,2.2,0,0,1,2,9,13,11,8,1,0,3
1874,1,2.7,1,10,0,7,13,8,1,2,0,0,1
1482,0,0.5,0,2,0,7,10,12,8,12,1,1,2
1809,1,1.7,0,3,1,3,4,10,6,16,1,0,2
864,1,3.0,1,0,1,2,1,18,2,16,1,1,2
625,1,1.9,0,12,1,1,20,10,6,2,1,0,2
1880,1,1.8,0,4,1,3,5,17,15,7,1,0,3
1138,0,1.4,0,12,1,8,17,19,3,3,1,0,3
560,0,0.5,0,14,0,8,15,17,16,18,0,1,1
1117,0,0.5,0,1,0,7,8,7,6,16,1,1,2
1712,0,1.4,0,1,0,7,12,16,1,19,1,0,3
1036,1,2.4,0,0,0,7,3,10,7,2,0,1,1
1860,1,2.3,0,15,0,4,16,9,2,8,0,1,3
1375,1,1.1,0,3,1,7,19,19,18,10,1,1,3
1945,0,1.6,1,0,1,4,1,14,1,14,1,1,1
1896,0,0.5,1,8,1,2,13,9,7,18,1,0,3
788,0,2.5,1,4,1,8,12,12,8,6,1,1,3
880,1,1.7,1,0,0,2,2,12,1,7,1,1,0
1868,0,2.0,1,0,1,1,4,8,3,7,1,1,3
1266,0,1.9,1,0,1,3,12,10,5,4,1,1,2
1479,0,0.5,0,8,0,3,10,13,12,6,1,0,3
1476,1,1.2,1,0,1,4,5,13,8,3,1,0,2
1552,1,2.2,0,6,1,6,9,9,2,9,1,1,2
1454,1,0.5,1,1,0,4,3,7,5,5,1,1,3
652,1,2.4,1,9,1,5,11,12,10,12,1,0,0
1504,0,1.5,0,12,1,8,15,7,2,7,1,0,2
1726,1,0.9,1,2,0,4,3,13,9,13,1,0,2
1029,1,1.9,1,5,1,5,8,15,7,4,1,1,0
1582,0,2.8,0,2,1,6,13,17,10,10,1,1,3
1478,1,0.8,1,12,0,5,17,5,2,6,0,0,1
1178,1,1.3,0,0,0,5,0,6,3,17,0,0,2
707,0,2.1,1,2,0,3,17,9,2,7,1,0,3
755,1,2.8,0,5,1,4,12,10,1,16,1,0,2
912,1,2.0,0,1,0,8,5,19,5,20,0,1,1
651,1,0.8,1,2,1,5,4,14,9,19,1,1,1
1483,0,2.1,0,1,1,7,2,15,13,2,1,1,1
914,1,0.9,0,2,0,2,12,11,7,5,1,1,0
1456,1,0.5,1,7,0,5,12,6,5,20,1,0,1
1178,0,2.2,1,6,0,3,17,16,14,10,1,1,2
1503,1,0.7,0,10,1,4,14,15,1,2,1,0,2
1681,1,2.5,0,2,0,2,13,12,6,16,0,1,0
715,0,2.3,1,4,0,4,6,14,2,10,0,0,2
1876,0,2.8,1,3,1,3,4,12,2,18,1,0,2
1190,1,2.2,1,9,0,6,10,9,3,19,1,1,0
1755,1,1.3,0,0,1,7,2,8,1,7,1,0,3
1197,0,1.3,0,3,1,6,7,19,5,4,1,1,1
1048,1,0.9,0,10,1,2,19,5,1,15,1,0,1
1887,1,3.0,1,6,1,8,7,18,16,16,1,1,3
1772,1,0.5,1,3,0,8,15,5,2,20,0,1,1
1421,0,2.8,0,0,1,1,2,13,8,14,1,0,3
1464,0,0.5,1,0,1,6,8,13,6,19,1,0,1
728,0,2.3,1,4,0,4,5,17,10,16,1,1,0
685,0,0.5,1,8,1,7,15,15,7,2,1,1,3
1472,0,2.8,1,1,0,6,10,12,11,7,1,1,1
853,1,2.0,0,10,1,2,16,15,8,8,1,1,3
1469,0,2.1,0,0,0,7,0,8,1,3,0,1,0
1654,0,1.8,0,1,0,7,2,8,1,14,1,1,1
902,1,0.7,0,3,0,7,9,12,11,15,0,0,3
1448,0,1.4,1,13,0,3,16,12,9,6,0,1,1
1631,0,0.9,1,2,1,7,12,13,5,13,1,0,0
1608,0,1.8,1,7,0,2,13,15,11,8,0,0,0
1991,1,2.7,0,5,1,2,13,5,3,8,1,1,2
1349,0,2.0,1,15,0,5,16,11,3,4,1,0,2
1589,0,2.5,0,5,1,1,18,8,2,16,1,0,2
1844,1,2.3,1,1,0,8,3,5,1,14,0,1,1
712,1,0.5,1,3,1,2,10,16,12,4,1,1,1
972,1,1.7,0,0,1,3,4,16,8,19,1,0,1
1406,0,0.5,1,2,1,3,5,9,8,2,1,0,3
1289,0,0.9,0,10,1,6,12,6,2,11,1,1,0
932,0,1.3,0,1,0,7,2,8,7,9,1,1,3
1747,1,0.9,0,6,1,3,19,17,2,19,1,1,2
1172,1,2.1,1,4,0,3,7,7,3,5,0,0,1
1128,1,1.4,0,12,0,5,14,14,9,12,1,1,3
664,0,1.2,1,0,0,5,5,17,15,19,1,1,1
513,1,0.5,0,6,1,4,12,5,1,9,1,1,0
1742,0,2.3,1,9,1,7,12,12,3,10,1,0,2
1512,1,1.7,0,12,0,7,17,15,7,7,1,1,2
1986,0,0.5,1,3,1,8,20,17,12,3,1,1,1
965,1,1.5,1,5,0,2,14,9,8,10,0,1,0
1067,1,2.4,1,3,1,8,15,16,14,11,1,0,0
1583,1,1.6,0,5,1,3,10,14,10,9,1,0,3
1653,0,0.5,1,2,1,4,6,19,4,18,1,1,3
1433,0,1.6,0,7,0,8,11,11,9,4,1,1,0
765,0,2.9,0,0,1,7,0,11,1,16,1,1,0
1845,1,0.5,1,10,0,1,12,9,5,6,0,0,1
752,0,0.5,1,1,0,7,13,7,5,16,0,0,3
1948,0,2.8,1,8,0,5,10,9,7,17,0,1,3
1077,0,2.5,1,0,1,3,4,6,2,6,1,1,1
932,1,0.5,0,1,1,4,2,6,1,19,1,1,0
1968,0,0.9,0,0,0,3,7,9,8,7,0,0,2
1122,0,1.2,0,9,0,4,14,11,2,13,1,1,2
601,0,2.1,0,4,0,4,18,9,1,12,0,0,0
1615,0,0.5,0,14,0,4,16,16,2,3,0,0,3
1589,1,2.2,1,2,0,4,4,16,14,14,1,0,3
1417,1,2.7,0,2,1,6,4,11,3,6,1,0,0
1697,1,0.7,0,1,1,1,3,15,9,8,1,1,3
1330,1,1.3,1,14,0,5,17,14,6,11,0,0,0
1476,0,0.5,0,0,1,2,2,15,10,6,1,0,3
1579,1,1.5,0,0,0,6,18,16,4,10,1,1,1
1277,0,3.0,0,0,1,4,3,9,4,14,1,1,0
1089,1,0.9,1,12,1,5,15,13,12,10,1,0,2
1663,1,2.5,1,13,1,4,14,7,1,18,1,0,2
1949,0,1.8,0,0,0,5,4,17,10,9,0,0,1
1889,0,2.8,0,5,1,1,10,5,1,3,1,1,3
857,1,2.0,1,3,0,7,9,17,5,13,1,1,2
1902,0,2.8,1,6,0,8,9,11,8,18,0,1,0
1225,1,2.4,0,0,0,5,0,16,8,15,1,1,1
1554,1,0.5,1,11,0,3,12,7,4,18,0,0,3
1337,0,0.5,0,13,0,2,20,7,4,16,1,0,1
1926,1,1.7,1,1,1,3,2,6,1,14,1,0,2
869,0,1.3,1,3,0,2,4,13,3,11,1,0,3
1278,1,0.5,1,1,0,8,16,7,1,20,0,0,0
1773,1,2.5,0,16,1,6,18,17,6,13,1,0,3
1661,1,0.8,1,1,1,7,2,9,8,2,1,0,1
1438,0,2.2,0,0,1,7,6,19,13,9,1,1,0
1661,1,1.4,0,0,0,2,0,9,2,9,1,1,0
1846,1,0.6,0,1,0,1,2,15,6,11,0,1,1
1260,1,2.0,1,2,1,7,10,12,11,10,1,0,2
512,1,0.5,1,7,0,3,15,18,14,15,0,1,2
581,0,2.2,0,0,0,5,6,19,17,9,0,0,2
1872,1,2.3,0,6,0,3,15,9,4,15,1,0,2
687,1,1.3,0,9,1,4,20,14,6,8,1,1,3
1062,1,2.5,1,6,0,1,13,7,3,16,0,0,3
1678,1,2.3,1,11,0,1,14,5,3,19,1,0,0
1417,1,0.5,0,10,1,4,19,13,9,12,1,0,1
1074,0,2.4,1,2,1,6,14,13,1,18,1,1,1
1832,0,0.7,0,2,0,7,6,18,7,18,0,0,2
1039,0,1.3,0,0,1,8,0,7,1,10,1,1,1
1059,0,2.4,0,8,0,3,18,15,13,11,1,1,3
1606,0,1.4,0,3,0,4,4,13,8,20,0,0,3
1928,1,1.8,0,9,1,3,20,7,2,13,1,1,3
1875,1,0.5,1,11,1,1,17,7,2,6,1,0,3
1748,0,1.7,1,6,1,3,7,16,12,3,1,0,3
1413,0,0.5,1,5,0,5,11,16,5,2,0,0,3
825,0,0.5,1,0,1,2,0,8,6,2,1,0,3
1589,1,1.4,0,3,1,8,16,16,8,18,1,0,3
535,1,0.5,1,8,1,8,15,14,8,10,1,0,2
1780,1,0.5,0,6,0,4,11,19,17,14,1,1,3
1671,0,0.6,1,7,1,2,11,10,4,7,1,0,2
1821,0,0.9,0,9,1,1,18,7,4,6,1,1,2
1076,1,2.6,0,3,1,6,8,18,3,9,1,1,0
532,1,0.8,1,3,0,5,10,13,5,8,1,1,0
777,1,2.6,0,3,0,5,17,14,10,7,1,0,3
1217,1,0.5,0,3,0,4,13,7,3,9,1,0,1
1656,1,1.6,1,0,0,7,2,14,3,20,1,1,2
1185,0,1.9,0,0,0,8,7,16,2,3,1,1,2
577,0,2.4,0,8,1,6,20,11,7,19,1,1,0
704,0,2.2,1,4,0,6,6,7,1,15,1,1,2
525,1,0.5,1,5,0,8,11,18,3,12,0,1,1
504,1,0.5,1,5,0,1,9,17,15,15,1,0,0
793,0,1.2,1,1,1,4,7,6,1,12,1,1,3
569,0,0.6,1,2,0,8,9,7,6,7,1,0,1
1590,0,1.9,1,3,1,5,18,11,4,4,1,0,1
707,0,0.5,0,0,1,2,0,17,14,12,1,1,1
767,0,1.9,0,16,1,6,17,6,1,6,1,1,1
1350,1,0.5,1,0,1,8,4,15,1,8,1,1,1
1117,1,0.6,1,0,0,2,7,8,7,14,0,1,2
641,1,1.1,0,0,1,1,3,7,5,19,1,1,2
1002,0,0.8,1,0,1,2,4,16,5,19,1,0,1
1408,1,2.1,1,10,0,5,14,8,6,3,0,0,3
1900,1,2.0,1,1,0,8,6,5,1,4,1,1,1
726,0,2.9,0,0,0,8,0,17,2,8,1,1,0
1544,0,2.3,0,12,1,8,20,8,7,18,1,1,1
1454,1,1.6,0,6,1,4,10,14,10,10,1,1,0
1230,1,2.2,1,6,0,5,7,11,5,9,0,1,0
1552,0,1.2,0,10,1,8,18,13,6,12,1,0,2
1519,0,2.1,0,0,0,1,10,11,10,15,1,1,2
723,1,1.9,0,4,0,1,7,19,9,17,0,1,2
1191,0,2.4,1,2,0,1,7,14,6,8,1,1,0
1168,0,1.3,0,9,0,8,10,9,4,17,0,0,3
1229,0,0.5,1,15,0,2,16,17,6,17,0,0,1
1758,1,0.5,0,11,1,8,14,6,2,15,1,0,2
1290,0,0.5,0,0,0,6,4,9,8,15,0,1,1
574,0,2.8,1,16,0,6,17,8,7,10,0,1,2
1271,1,0.5,0,12,0,7,15,15,14,14,0,0,0
1170,1,1.2,0,4,0,8,15,6,4,8,1,1,0
1269,1,1.3,0,14,0,2,15,18,5,5,0,0,1
1288,0,2.8,1,15,0,2,20,17,6,2,0,0,3
1366,1,0.7,1,0,1,2,9,13,11,3,1,0,3
1572,1,0.8,1,7,1,5,8,6,3,10,1,1,3
1627,0,0.9,1,9,1,6,16,12,6,16,1,1,3
1900,1,0.5,1,0,1,1,1,15,5,18,1,0,3
1974,0,1.0,0,4,0,7,13,7,4,6,1,0,0
1197,1,0.5,1,9,0,5,10,19,7,14,1,1,2
587,1,2.3,1,4,0,1,16,9,2,14,1,1,2
934,0,1.1,0,7,0,5,12,12,7,9,0,0,0
1195,0,2.0,1,1,1,4,9,13,9,17,1,0,0
1853,1,1.0,0,2,0,1,15,14,4,17,1,0,3
1164,0,1.0,0,4,1,8,18,15,3,3,1,0,3
1512,1,0.5,0,8,1,3,17,12,10,6,1,1,3
1232,0,2.9,1,1,1,5,17,16,10,16,1,0,0
1813,1,0.6,1,0,1,3,8,9,3,14,1,1,0
946,1,2.6,1,17,0,3,20,15,7,4,0,1,3
739,1,2.3,1,2,1,3,4,7,6,6,1,0,0
704,1,2.7,0,8,1,1,10,9,3,10,1,1,0
1663,1,0.5,0,0,0,4,15,8,5,15,1,0,1
1966,1,1.4,1,2,0,8,18,11,2,20,0,1,2
1219,0,1.0,1,0,0,5,4,11,3,6,0,1,0
612,1,0.7,0,6,0,5,12,14,9,6,0,0,2
1658,1,1.4,0,0,1,1,5,10,1,15,1,0,3
1263,0,0.5,0,12,0,5,18,14,3,17,0,0,1
1395,1,2.8,0,0,1,3,1,11,2,16,1,1,3
621,1,2.7,1,0,0,4,20,6,1,5,1,1,2
652,0,0.5,1,1,0,3,2,18,12,9,0,0,0
1175,0,0.6,0,10,0,2,12,9,4,12,1,0,2
561,1,1.0,0,0,0,8,10,16,2,5,1,1,2
1137,0,2.2,0,6,1,5,7,15,14,17,1,0,0
1835,1,2.3,0,4,1,7,13,18,17,14,1,0,0
1170,0,2.9,1,2,0,6,5,16,8,2,1,1,1
1595,1,0.8,1,0,1,4,20,14,10,9,1,0,3
1719,1,2.0,0,0,0,8,7,6,3,5,0,0,0
1770,0,2.3,1,0,0,7,6,6,1,17,1,0,1
1312,0,0.5,1,0,1,2,0,17,16,14,1,0,1
1878,0,1.5,1,5,1,5,13,8,2,3,1,1,2
1871,1,2.0,0,7,1,7,14,13,12,12,1,1,2
922,0,1.5,1,1,1,7,15,19,6,4,1,1,0
1975,1,1.5,0,6,1,8,11,5,4,13,1,1,2
1212,0,2.6,0,1,1,4,8,14,3,4,1,1,2
1430,1,0.9,0,3,0,3,5,17,8,17,0,0,0
1958,1,1.9,1,0,0,2,3,16,5,3,0,0,1
1836,1,2.1,1,0,1,7,15,7,3,5,1,1,3
557,1,1.6,0,0,0,3,0,12,8,3,1,0,0
539,1,0.6,1,9,0,7,14,14,5,9,0,0,2
880,0,0.5,1,1,0,8,15,8,7,6,0,1,2
1369,1,1.8,1,6,0,1,7,18,4,18,0,1,3
1109,1,2.7,1,1,0,1,9,15,10,7,1,1,1
843,0,1.8,1,0,0,5,6,12,1,20,1,0,3
598,0,2.3,1,7,0,2,10,8,4,7,1,0,2
972,1,2.7,1,1,0,4,2,12,7,19,1,0,2
1944,1,0.5,0,5,1,6,18,17,14,13,1,1,1
1225,0,0.7,1,0,1,7,1,12,11,15,1,1,2
1919,0,1.5,0,5,1,4,6,19,13,12,1,0,1
501,0,2.3,0,12,1,4,19,13,12,2,1,0,1
1227,1,1.1,1,0,0,3,3,7,3,12,0,1,1
1359,1,0.5,1,1,1,6,3,16,8,4,1,1,0
1914,0,0.7,0,1,0,8,2,17,1,8,1,0,1
1645,1,1.8,0,1,0,7,2,10,8,20,1,0,0
1063,1,1.1,0,0,1,5,2,17,16,5,1,0,3
946,0,2.1,0,0,1,8,0,7,4,16,1,1,1
1231,0,1.2,1,5,0,3,10,5,3,6,1,1,1
1397,0,2.9,1,13,0,6,18,12,1,11,1,1,3
701,1,0.7,0,7,0,3,11,6,3,17,1,1,1
570,1,0.5,1,2,0,7,5,14,10,14,0,0,3
955,0,0.5,1,4,0,5,8,12,9,9,1,1,1
924,0,0.5,1,0,1,8,6,17,15,12,1,0,1
1063,1,2.5,0,0,1,6,10,16,6,5,1,1,0
1715,0,1.9,0,4,1,5,6,7,4,13,1,0,0
1841,1,1.3,1,6,0,8,8,7,1,18,0,0,2
1762,1,2.7,1,13,1,1,14,14,10,20,1,1,1
1112,1,0.5,1,1,0,4,16,7,3,20,1,1,3
709,1,2.0,1,0,0,1,0,12,9,16,0,1,1
1315,1,2.6,0,7,0,7,16,6,3,13,0,0,2
1762,1,2.5,0,10,1,8,11,8,3,11,1,1,2
1462,1,1.7,1,1,0,7,18,15,5,13,1,0,0
571,0,1.6,1,8,0,7,20,13,5,8,1,1,1
666,1,0.5,1,7,1,3,13,15,9,9,1,1,0
1583,1,2.1,1,11,0,7,16,17,13,2,1,0,2
1778,0,1.4,1,3,1,4,17,15,13,9,1,1,1
1926,1,1.1,0,13,1,6,17,17,12,17,1,1,3
966,1,0.6,0,9,1,4,10,10,1,5,1,0,2
568,0,2.0,0,1,0,3,4,17,9,9,1,0,0
1897,0,3.0,0,1,1,8,2,17,6,3,1,1,0
1695,0,0.5,1,6,1,3,9,16,13,15,1,1,1
1623,1,1.2,0,6,1,7,12,12,10,17,1,1,2
914,1,0.5,0,0,1,4,0,12,9,2,1,1,0
1721,1,0.5,1,4,1,4,5,19,2,5,1,1,0
890,1,2.2,1,4,0,8,13,7,3,3,0,0,0
600,0,0.5,0,1,0,3,7,12,7,8,1,0,2
1677,0,1.8,1,4,0,6,8,15,6,12,1,0,3
723,0,0.5,0,0,1,4,3,15,3,16,1,0,1
638,0,1.7,1,11,0,4,17,7,2,9,1,1,2
852,0,1.0,1,4,1,7,13,17,4,7,1,1,1
1979,1,1.6,1,0,0,7,1,13,6,14,0,1,0
710,1,0.5,0,6,0,5,9,12,11,18,0,1,0
1034,0,2.6,1,2,1,3,4,15,1,7,1,0,0
600,0,2.5,1,8,1,1,11,19,1,5,1,0,2
1027,0,0.5,0,2,1,2,7,17,12,12,1,0,3
1260,0,0.6,0,5,1,6,6,13,1,8,1,1,2
1793,0,1.8,1,10,0,6,17,16,14,15,1,1,3
658,1,2.7,0,0,1,7,3,14,11,20,1,0,3
1694,1,0.6,0,0,1,7,7,17,5,2,1,1,2
804,1,0.8,1,12,1,1,13,11,5,11,1,0,1
1713,0,2.5,1,1,0,7,3,13,10,20,1,0,2
706,0,0.5,0,13,1,3,19,8,7,4,1,0,1
1362,0,0.5,0,3,0,7,9,7,6,18,0,1,0
1527,0,2.7,0,10,1,5,14,5,3,11,1,1,2
768,0,0.5,1,0,0,2,1,19,1,7,0,0,0
1314,0,2.9,1,8,1,4,12,10,4,4,1,1,0
705,1,0.5,0,5,1,6,9,15,11,18,1,1,1
1403,0,2.7,0,2,1,5,3,13,9,9,1,0,3
1486,0,2.6,0,7,0,4,15,13,1,15,0,1,0
781,0,1.1,0,2,0,5,7,13,8,5,0,0,3
986,1,1.5,0,1,1,8,3,16,9,19,1,0,1
1310,0,1.4,0,0,0,1,14,13,12,19,0,0,1
560,1,2.0,1,6,1,3,12,11,10,7,1,0,1
1348,0,1.3,0,0,0,5,6,10,3,8,1,0,3
1567,0,0.5,1,3,0,6,6,9,1,18,1,0,2
1940,1,0.9,1,4,0,5,7,14,6,8,0,1,2
1979,1,2.9,1,0,1,3,9,8,2,2,1,1,0
1717,1,1.3,0,1,0,1,3,6,4,5,0,1,3
535,0,1.5,0,1,1,1,4,11,10,18,1,1,0
1413,0,0.5,1,4,1,5,12,19,16,4,1,0,3
1358,0,2.5,1,0,0,7,0,5,1,11,0,0,3
1519,0,2.9,0,2,0,7,8,9,5,10,1,1,2
1254,0,1.2,1,2,0,5,6,10,4,17,1,1,3
1591,1,2.2,0,3,1,6,7,17,6,20,1,1,3
977,1,2.8,1,2,0,2,15,19,3,10,0,1,3
1640,1,0.7,0,10,1,7,14,16,3,5,1,1,0
663,0,0.8,1,0,0,2,1,6,2,2,1,0,2
1744,1,1.0,0,1,1,8,3,18,7,14,1,0,1
1624,0,1.6,1,8,0,2,10,16,11,2,1,0,2
1108,1,1.3,1,14,1,7,20,5,3,4,1,1,0
1188,1,1.4,1,0,1,2,0,12,11,16,1,0,3
817,0,1.3,0,0,0,3,11,11,6,19,0,1,1
863,0,1.6,1,5,1,4,13,10,2,18,1,0,0
1397,0,2.4,1,5,1,3,15,18,15,4,1,1,1
1068,0,2.0,1,1,1,7,13,5,4,7,1,0,1
1702,1,2.3,0,12,1,2,15,16,12,4,1,0,3
808,0,0.5,1,0,0,4,1,15,9,12,1,0,3
1156,0,0.5,0,6,0,7,9,16,6,13,0,1,1
1271,0,0.5,1,2,0,8,3,14,11,6,0,1,0
696,0,0.5,0,6,0,3,8,18,8,9,0,0,1
1981,1,1.9,1,13,0,6,18,10,1,13,0,1,1
614,0,1.7,1,0,1,7,2,15,6,11,1,1,2
1590,0,0.6,1,0,0,3,17,12,3,18,1,1,1
1945,0,1.6,0,4,0,3,10,6,1,15,0,0,3
1135,1,2.8,1,9,0,1,11,18,13,6,1,0,3
1049,0,0.6,1,8,1,6,10,10,7,6,1,0,0
1807,1,2.1,0,2,0,1,10,17,13,13,0,1,2
984,1,0.5,0,13,1,7,17,16,8,13,1,1,0
720,1,1.4,1,0,1,7,8,5,3,15,1,0,3
771,1,0.5,0,3,0,4,6,12,1,20,0,1,0
503,0,2.5,0,3,0,6,11,11,8,16,0,0,0
675,0,2.4,0,1,0,7,2,9,5,13,1,1,2
1936,1,1.9,1,13,1,7,14,6,1,9,1,0,1
1303,0,1.0,1,0,1,3,10,12,4,14,1,1,2
1004,1,2.9,1,0,0,6,9,17,8,18,0,1,3
1822,0,1.2,0,0,0,6,0,9,5,8,1,1,2
1159,1,2.8,0,5,1,1,7,8,1,3,1,1,1
894,0,2.1,1,16,0,8,20,5,1,6,1,1,2
1884,0,2.1,1,7,1,1,18,14,8,7,1,1,3
1648,1,0.5,0,1,1,2,3,6,2,2,1,0,1
798,0,2.4,0,5,0,3,9,15,7,14,1,1,2
802,1,2.4,1,1,0,3,9,8,3,8,0,0,3
1276,1,2.9,1,2,0,2,3,19,10,8,1,1,3
1331,1,1.6,0,0,0,2,7,13,5,20,1,0,1
1620,0,2.6,1,6,0,6,18,18,14,13,1,0,1
1996,0,2.5,0,5,1,4,9,8,7,12,1,0,2
1092,0,2.7,1,8,0,1,10,12,3,20,0,1,1
1018,1,0.7,1,7,0,5,18,10,3,2,0,0,2
545,0,0.5,0,0,1,3,1,15,6,19,1,1,0
554,1,1.3,0,0,0,6,10,10,7,4,0,1,2
1264,0,2.9,1,2,1,3,3,7,4,3,1,1,0
1030,0,1.6,1,3,1,6,20,6,2,18,1,1,3
1432,1,1.7,1,6,1,4,18,14,4,10,1,1,0
558,1,2.8,0,1,1,5,4,10,5,8,1,1,0
829,0,0.5,0,0,0,7,1,12,6,11,1,0,0
1741,1,1.8,0,0,0,8,0,11,3,3,1,0,3
1849,1,2.3,0,7,1,5,19,14,11,19,1,0,3
733,0,2.1,0,5,1,7,10,15,8,2,1,1,0
1872,1,0.9,1,0,0,2,2,15,11,16,0,0,2
1853,0,0.5,1,1,0,6,13,10,2,8,1,0,2
1149,1,2.2,0,4,0,6,5,17,14,8,1,0,3
891,0,0.5,1,9,1,2,19,7,1,10,1,0,1
1911,1,2.0,0,7,1,8,8,9,8,11,1,1,3
550,1,0.5,0,16,1,2,17,18,5,8,1,0,0
576,0,0.8,0,0,1,2,4,18,6,8,1,0,1
1760,0,1.9,0,1,1,1,2,10,8,4,1,1,2
969,0,2.4,0,0,0,7,0,18,5,19,1,0,0
1160,0,1.1,0,1,1,3,2,18,4,15,1,0,0
1786,0,0.5,0,9,1,7,10,9,3,7,1,1,3
819,1,2.5,1,0,1,8,1,10,5,15,1,0,0
1368,0,3.0,1,10,0,7,18,13,6,5,0,1,2
1592,0,2.1,0,6,1,2,17,19,8,7,1,0,1
1892,1,0.7,0,5,0,4,10,17,14,3,1,1,2
915,0,1.1,0,6,0,8,17,19,10,12,0,1,0
774,1,2.8,0,7,1,3,18,8,1,12,1,1,3
1848,1,1.4,1,2,1,2,10,11,9,3,1,0,3
1501,0,1.1,0,12,1,1,15,13,12,16,1,1,2
1614,0,1.9,0,8,1,3,17,17,13,13,1,0,3
911,1,2.9,0,0,0,5,1,9,5,17,0,1,0
1520,0,0.5,0,1,1,5,8,13,3,4,1,0,3
1647,0,1.4,1,3,1,6,15,16,14,15,1,0,2
1347,0,0.9,1,8,1,6,15,15,3,14,1,0,3
967,1,1.6,0,4,0,8,9,7,4,18,0,1,2
1442,0,2.2,0,0,1,5,3,11,8,7,1,1,2
1204,1,2.6,0,0,0,7,3,11,2,19,1,0,1
1320,0,2.1,1,0,1,7,2,11,1,14,1,1,0
1800,1,0.7,0,2,1,7,6,10,8,8,1,0,3
1567,0,2.1,1,3,0,3,19,15,2,10,1,0,3
1439,0,0.9,0,12,1,1,17,19,12,15,1,0,1
1422,0,1.0,0,15,0,1,17,19,1,3,1,1,0
1591,1,2.2,1,4,1,3,16,10,9,14,1,1,0
880,0,1.7,0,2,0,4,19,6,4,3,1,0,2
1929,1,0.5,1,0,1,6,2,12,7,6,1,1,1
1312,0,1.3,0,5,1,2,9,6,2,13,1,1,3
1852,0,1.4,0,4,1,1,18,13,1,11,1,0,3
972,1,1.3,0,8,0,7,10,7,6,7,0,1,3
691,1,2.7,1,4,1,4,8,5,3,15,1,1,0
807,0,0.5,0,9,0,5,20,17,13,2,0,1,0
1113,0,0.6,1,0,0,1,10,11,2,12,1,0,0
721,1,1.3,1,10,0,1,18,10,3,4,0,1,1
1188,1,1.5,1,0,0,6,2,12,7,7,0,1,0
1512,1,0.5,0,1,0,1,14,6,5,7,0,0,2
805,1,0.7,0,0,0,4,14,11,6,17,0,1,0
918,0,0.9,1,1,0,7,5,17,4,14,1,1,1
1320,0,0.5,1,7,0,5,16,8,5,9,0,0,2
1236,0,0.9,1,2,1,1,14,14,12,20,1,0,0
1387,0,0.5,0,0,1,3,0,5,3,11,1,1,0
1883,1,2.7,1,6,1,2,10,16,15,20,1,1,3
839,0,2.0,1,0,0,7,3,15,8,11,1,0,3
1593,1,1.0,0,0,1,8,0,15,13,13,1,1,1
1722,1,1.0,0,7,0,6,19,5,1,19,0,0,3
1954,0,0.6,1,8,0,3,9,17,12,13,1,0,3
1788,1,0.5,1,15,1,6,20,12,2,4,1,0,2
1628,0,0.5,0,5,1,6,8,16,10,13,1,0,3
833,1,2.2,0,4,0,1,6,9,5,7,0,1,1
571,0,0.6,0,1,1,3,8,7,5,18,1,0,1
1808,1,0.5,1,1,0,2,16,9,1,8,0,0,3
1368,1,1.6,1,4,0,7,7,13,12,17,0,1,3
1161,0,1.3,1,0,1,8,12,6,4,14,1,0,3
1224,1,1.6,0,9,0,1,18,10,5,13,1,1,3
902,1,0.6,1,0,0,5,14,18,8,15,0,1,3
787,1,0.5,0,15,0,1,16,8,6,14,1,0,2
854,0,0.5,0,2,0,8,5,5,2,11,0,0,2
1184,0,1.5,1,1,1,1,6,17,7,14,1,1,3
510,0,1.7,1,3,0,3,6,17,2,11,0,1,1
966,0,2.0,0,8,1,2,10,18,17,11,1,1,3
1438,1,1.8,0,3,0,8,7,14,11,15,0,0,2
1907,0,2.0,0,13,0,7,15,14,4,17,1,0,0
1489,0,2.4,1,8,0,1,16,7,6,8,0,0,0
1843,1,1.8,1,13,1,6,18,15,14,15,1,1,3
825,1,1.5,0,11,0,3,18,11,4,14,0,1,0
1286,1,2.3,0,10,1,2,18,10,5,4,1,1,0
840,0,0.6,0,0,1,7,19,12,8,18,1,1,3
757,0,2.3,1,5,1,4,7,19,12,9,1,0,2
814,1,1.1,1,2,0,2,10,16,6,12,1,0,1
1195,1,1.1,1,2,1,6,6,14,2,19,1,0,0
1068,0,1.3,0,6,1,8,7,16,1,15,1,0,1
994,1,2.8,1,0,0,3,3,5,2,20,1,1,2
1550,1,2.5,0,6,0,2,11,16,1,15,0,1,2
1878,1,0.5,0,9,0,8,19,18,7,2,0,0,1
623,0,2.0,0,2,0,3,4,17,3,19,1,1,2
1829,1,0.5,0,0,1,5,7,16,11,12,1,0,2
525,0,2.4,1,11,0,7,20,16,11,3,0,0,0
1065,1,0.5,0,0,1,2,2,10,1,18,1,0,2
1425,0,1.2,0,9,1,8,14,13,2,6,1,1,0
1296,0,1.4,1,3,0,7,4,19,8,10,1,1,2
642,0,2.8,0,3,0,2,15,12,5,13,0,0,2
1664,1,2.9,1,9,1,7,19,12,7,9,1,0,2
1498,1,0.7,0,3,1,7,4,7,3,19,1,0,3
981,1,1.9,1,0,0,3,7,19,12,19,0,0,0
1236,1,2.8,0,6,1,4,18,16,12,14,1,1,0
1673,0,2.8,1,7,0,3,10,9,1,10,1,0,3
712,1,1.6,0,6,1,2,14,13,5,4,1,0,3
569,1,0.5,1,10,1,3,19,8,7,10,1,1,1
603,1,0.7,1,0,1,6,0,10,4,8,1,1,0
1064,0,2.9,1,1,1,6,13,16,13,6,1,0,0
1444,0,0.6,0,2,0,5,17,17,2,15,1,1,3
1366,1,1.7,1,5,1,5,9,17,5,14,1,0,3
906,0,2.1,1,7,0,2,11,13,8,16,1,0,3
1554,0,2.7,1,3,1,5,12,12,3,19,1,0,0
1187,0,2.3,0,0,1,6,6,10,3,5,1,1,2
1156,1,2.7,1,1,1,3,16,16,15,13,1,0,2
1918,0,2.8,0,1,0,1,5,9,6,6,0,1,1
841,1,0.5,1,8,0,6,13,11,5,16,0,1,2
730,1,1.3,1,6,0,7,10,10,1,17,0,0,2
878,1,1.3,0,13,1,4,18,9,7,11,1,1,2
1059,0,0.5,1,0,0,8,1,5,3,18,0,1,0
1578,0,2.9,0,8,0,1,20,17,4,16,1,0,3
1829,0,1.7,0,0,0,5,1,11,4,7,0,0,1
1132,0,1.0,0,0,0,1,4,11,2,6,0,1,1
1652,0,0.6,1,4,1,7,6,7,6,6,1,0,3
912,0,0.5,1,0,0,5,1,17,3,20,1,1,3
1497,1,0.7,0,5,0,3,9,6,1,7,1,1,2
1790,1,2.3,1,3,1,3,11,6,2,18,1,0,3
1742,1,1.6,0,3,0,1,9,5,4,6,1,0,2
1549,1,0.5,0,4,0,5,7,12,7,15,1,1,2
1372,1,2.7,0,7,0,4,17,11,3,20,1,0,0
783,1,1.7,1,9,1,6,11,15,4,6,1,1,0
1698,0,2.5,0,10,1,2,18,5,3,17,1,0,2
899,1,2.7,0,3,1,4,11,19,16,10,1,0,2
1062,0,1.5,0,3,0,3,4,14,2,9,0,0,0
989,1,2.0,0,4,0,3,19,18,7,19,1,1,3
1983,1,1.2,1,6,1,1,11,12,10,10,1,1,3
1800,1,3.0,0,5,0,1,12,14,10,18,0,0,0
1254,0,1.7,0,0,1,3,3,7,2,2,1,1,1
868,0,1.7,0,0,0,4,0,11,7,17,1,0,1
1205,0,0.5,1,3,0,4,6,14,1,14,1,0,0
1284,1,2.8,1,0,0,2,14,16,2,9,0,1,1
626,0,0.7,1,2,1,2,9,7,5,11,1,0,2
1763,0,2.9,1,1,1,4,20,12,9,17,1,1,1
694,1,1.8,1,15,0,4,20,12,8,5,1,0,3
1265,0,0.6,1,4,1,1,5,16,11,8,1,0,1
816,1,0.5,0,4,0,3,13,17,10,15,1,0,0
904,0,1.8,0,3,1,3,4,15,12,11,1,0,0
979,0,0.5,1,0,1,7,2,5,2,14,1,0,3
1531,0,2.0,0,0,1,6,1,13,11,7,1,0,2
934,0,2.0,1,2,0,8,15,10,8,7,0,0,0
1624,1,2.6,1,0,0,3,11,13,4,18,0,1,1
874,0,1.3,0,5,0,1,20,6,4,15,0,0,0
1027,1,2.2,0,0,0,5,4,8,5,13,0,1,1
1966,0,0.8,1,15,1,1,16,6,4,19,1,1,2
1048,1,1.5,0,2,1,1,4,11,10,2,1,0,1
1496,1,1.9,1,13,0,4,14,17,4,6,0,0,1
959,1,1.7,0,15,0,4,16,10,9,10,1,1,2
1349,1,2.2,1,5,0,7,7,15,7,17,1,0,2
1689,1,2.4,1,0,1,2,9,12,11,17,1,1,0
1558,1,2.4,0,0,1,1,1,9,2,12,1,0,3
582,0,0.5,1,3,0,3,10,19,2,2,1,1,2
1485,0,2.8,0,3,1,4,14,14,12,8,1,1,3
1991,1,1.8,0,11,0,3,12,17,8,9,0,0,1
553,0,0.5,1,2,1,3,3,7,3,14,1,0,2
1231,0,0.7,1,2,0,1,7,9,4,15,1,1,3
805,0,0.8,0,1,0,6,2,18,11,9,1,0,3
764,1,1.2,1,1,0,8,2,18,7,6,1,1,2
894,0,0.9,0,5,1,3,15,11,5,13,1,0,2
1589,0,2.6,0,9,0,3,16,11,9,20,1,1,2
1456,0,1.6,1,9,1,8,10,6,3,13,1,1,3
743,0,0.5,1,0,1,2,1,19,10,4,1,0,0
1061,1,2.1,0,3,1,7,4,16,12,9,1,1,0
1428,1,1.6,0,0,0,4,2,12,8,13,0,1,1
674,1,2.8,1,0,1,3,0,18,6,4,1,1,0
1625,1,0.5,1,2,1,8,17,16,3,8,1,0,0
907,0,1.4,1,3,0,1,16,11,9,6,1,0,0
1631,0,0.5,0,2,1,2,16,12,3,8,1,1,2
1584,1,1.3,0,6,0,4,15,10,5,17,0,0,1
1382,1,0.5,0,7,1,2,18,16,7,9,1,0,1
633,1,1.4,0,0,1,6,10,19,14,11,1,1,1
1444,1,2.1,0,9,0,7,16,14,9,10,0,0,3
852,1,1.6,1,6,1,5,7,13,7,12,1,0,0
922,1,0.7,0,0,1,8,14,17,4,12,1,0,1
1745,0,1.5,1,4,1,3,16,13,11,5,1,1,3
862,0,2.3,0,9,1,8,14,9,4,9,1,1,3
1754,1,2.1,1,1,1,4,3,11,6,19,1,0,3
1008,0,2.5,0,3,0,1,14,6,4,6,0,0,1
1569,0,0.5,1,3,0,1,13,18,1,15,1,0,3
1596,0,2.9,1,7,0,2,9,14,12,13,1,1,2
1807,1,0.5,1,2,1,6,6,8,5,15,1,0,3
1861,1,0.9,0,4,1,7,8,7,5,4,1,0,1
648,0,1.9,1,4,0,5,19,8,7,4,0,0,2
1379,0,0.5,1,1,0,8,17,11,2,19,0,1,3
1910,1,1.7,0,0,0,2,0,8,4,10,0,0,0
1807,0,2.0,1,0,1,8,0,9,3,3,1,1,0
1923,0,0.5,1,7,0,1,10,10,9,3,1,1,1
1345,1,3.0,0,7,1,3,11,9,2,15,1,0,1
1330,0,0.9,0,6,1,4,12,19,6,8,1,1,3
516,1,0.7,1,1,0,1,12,17,13,15,0,0,2
672,1,0.5,1,0,0,4,11,17,8,14,0,0,0
892,1,0.5,0,0,1,1,18,12,3,9,1,0,1
1778,0,0.5,0,0,1,6,11,19,6,13,1,0,3
1130,1,2.5,0,4,1,5,14,17,1,16,1,0,0
1359,0,0.6,0,4,0,2,6,19,3,17,0,1,3
1866,1,2.5,1,3,1,5,9,7,4,20,1,0,1
1597,0,2.3,0,11,0,1,14,16,10,9,0,1,0
1046,1,2.8,1,0,1,8,0,17,12,9,1,1,3
1035,0,0.6,1,2,1,3,3,14,5,12,1,1,3
1175,1,1.3,0,2,0,7,9,9,4,9,1,1,1
1261,1,0.5,1,0,1,4,0,14,9,14,1,0,0
1068,0,0.7,1,9,0,4,15,12,8,6,1,1,0
1713,0,3.0,1,5,1,7,17,11,10,10,1,0,0
1688,0,2.5,0,0,1,7,0,17,14,8,1,1,3
1413,1,0.5,1,4,1,5,6,17,8,15,1,0,3
559,1,0.5,0,10,0,5,14,10,4,16,1,1,1
1483,1,2.6,1,13,0,7,19,9,4,19,0,0,1
860,1,1.6,1,13,0,7,18,17,2,18,1,0,1
1090,0,1.3,1,5,0,4,16,5,1,11,0,1,1
686,1,0.5,0,11,0,6,15,7,6,19,0,1,0
818,0,1.3,0,14,0,6,15,12,6,7,1,1,0
1456,0,1.6,1,5,0,3,20,12,11,16,1,1,3
774,0,0.5,1,2,1,2,9,8,6,2,1,1,2
1068,0,0.5,1,0,1,8,9,19,12,12,1,1,0
1373,1,1.9,1,1,1,6,12,15,2,7,1,1,3
1777,1,3.0,0,3,0,6,5,5,1,7,0,1,3
594,0,0.8,0,2,1,5,3,16,4,4,1,1,2
1524,0,2.6,1,5,0,2,12,11,4,16,0,1,0
511,1,0.6,1,12,0,3,16,9,7,8,1,0,0
965,1,0.5,0,15,0,8,19,12,6,8,1,0,2
1270,1,2.3,0,0,0,5,1,13,4,16,0,0,3
919,0,0.5,1,11,0,1,15,8,4,17,1,0,0
1963,1,1.0,0,16,1,2,17,18,2,2,1,0,1
1977,0,1.3,1,2,0,8,6,8,2,7,0,0,3
683,0,0.7,0,5,0,4,17,16,3,5,0,0,2
772,0,2.6,1,7,0,2,10,13,6,18,0,1,0
536,1,1.4,0,0,1,3,0,15,10,7,1,0,0
1694,0,1.8,0,0,0,6,0,7,5,6,1,0,2
1371,0,0.5,0,4,0,4,19,13,6,8,0,0,2
551,1,2.8,0,0,1,7,15,6,1,19,1,0,0
1221,0,0.5,0,1,1,1,7,13,11,10,1,1,3
1000,1,0.5,0,12,0,8,18,11,1,7,0,0,3
1986,0,2.7,1,3,1,4,20,5,3,15,1,1,1
1119,0,0.5,1,0,1,4,1,7,4,7,1,0,3
1699,0,0.5,1,1,0,4,3,17,10,12,0,1,3
1099,0,0.5,0,13,1,3,20,17,10,3,1,1,1
1576,0,2.6,0,7,0,3,16,14,8,13,1,1,0
950,1,0.5,0,9,0,5,10,14,12,13,0,1,0
1081,1,2.5,1,13,0,3,17,9,1,6,0,0,0
606,0,2.5,0,1,1,4,2,19,12,7,1,0,0
502,0,1.5,1,7,0,2,12,6,1,14,0,1,1
957,1,0.7,0,0,1,2,0,12,4,3,1,1,1
1658,1,1.4,1,0,1,5,0,12,11,19,1,0,2
1681,1,2.5,1,6,0,1,7,5,3,20,1,1,2
1983,1,0.5,1,3,0,6,10,9,4,3,0,1,2
1753,0,1.2,0,8,1,7,17,17,16,12,1,1,1
1632,1,1.4,0,0,0,4,1,5,4,15,1,0,2
1949,1,1.4,0,7,0,7,11,5,3,19,0,0,0
688,0,2.5,1,0,0,7,3,17,1,4,0,1,3
1122,0,2.8,0,0,0,3,4,14,10,3,0,1,1
504,1,0.5,1,2,1,5,14,13,5,8,1,0,1
1154,0,0.5,0,12,1,7,14,8,3,4,1,1,0
1727,0,2.1,0,2,1,7,8,19,13,7,1,0,3
1948,0,2.8,1,5,1,2,14,16,2,3,1,0,0
531,0,1.1,0,10,0,7,14,17,1,19,0,1,2
1057,0,2.1,0,4,0,5,13,6,4,13,1,0,3
576,0,1.2,0,1,0,8,5,11,6,16,0,1,2
1960,1,2.1,0,1,0,7,9,11,9,6,0,1,3
673,1,1.7,1,3,1,1,5,7,2,17,1,1,1
718,0,0.7,1,0,1,1,7,17,11,9,1,0,1
864,0,1.7,0,3,1,3,7,12,8,13,1,1,1
547,0,1.9,1,1,0,5,4,17,3,10,1,1,1
623,1,0.9,0,1,1,8,7,16,13,3,1,0,3
1793,0,0.7,1,11,0,5,13,16,3,19,1,0,1
1720,1,0.7,1,0,0,2,3,13,2,7,0,0,1
980,1,0.5,0,0,1,6,0,7,5,4,1,1,2
643,0,1.0,0,9,1,8,12,7,5,18,1,1,1
1925,0,3.0,1,0,1,8,11,7,3,19,1,1,2
1408,1,2.5,0,3,0,4,6,19,18,3,1,0,3
1522,1,0.7,1,4,0,1,5,14,5,17,1,0,1
587,1,2.5,0,16,1,1,17,10,4,7,1,0,2
1959,0,0.5,1,5,0,6,20,7,4,8,1,1,0
1872,0,0.5,1,3,0,6,6,17,3,9,1,0,1
1043,1,0.5,0,7,0,3,8,16,9,6,0,1,0
1809,0,0.5,0,6,0,6,19,12,6,20,1,1,3
1703,1,0.5,0,5,1,6,7,7,3,17,1,1,0
1095,1,0.5,0,4,0,1,5,9,1,10,1,1,0
1414,0,2.6,0,1,0,4,20,5,2,8,0,0,0
1342,0,1.0,0,0,1,7,1,15,5,10,1,1,3
1189,1,2.3,0,13,0,3,14,9,6,13,1,1,0
518,1,2.4,0,0,1,6,0,16,12,7,1,1,1
1569,0,0.8,1,8,0,3,16,15,2,15,1,0,3
1312,1,0.8,1,0,0,6,0,14,13,17,0,1,3
1893,1,0.5,1,1,0,8,3,15,7,17,0,1,2
1076,0,2.5,0,3,0,5,4,7,5,14,0,0,1
530,1,2.6,0,1,0,6,2,16,11,2,0,1,0
1044,1,2.8,1,7,0,4,13,17,16,15,1,0,1
1330,0,1.1,0,11,0,7,20,10,1,4,1,0,2
1836,0,1.1,1,0,0,5,1,18,6,7,1,1,2
1741,1,0.5,0,1,1,5,3,13,10,7,1,1,2
1869,0,2.6,0,0,1,1,13,15,3,19,1,0,1
1331,0,0.5,0,8,0,3,15,6,2,11,1,0,1
1655,1,0.5,1,6,1,3,12,10,3,12,1,0,0
605,0,1.5,0,9,1,2,14,15,9,8,1,0,1
1245,1,0.6,0,2,0,5,3,17,8,7,1,0,2
1709,1,0.8,0,8,1,2,10,18,3,17,1,0,2
846,1,2.6,0,0,1,4,15,16,8,13,1,0,2
1403,1,2.5,1,3,0,4,13,14,13,18,1,0,0
688,1,1.5,0,0,0,3,2,5,2,8,1,1,0
775,1,2.5,1,1,1,7,14,19,3,18,1,1,1
1154,0,2.0,0,6,1,5,16,16,15,16,1,0,3
1375,0,0.5,1,2,1,2,3,15,13,15,1,1,1
1827,1,0.8,0,4,0,7,9,8,3,7,0,1,3
1697,0,0.5,0,0,1,4,0,15,1,11,1,1,0
741,0,1.5,0,1,0,5,13,19,11,9,1,1,0
1672,1,0.5,1,13,1,1,20,17,4,20,1,1,1
1375,1,1.3,1,2,0,1,13,17,1,12,0,0,3
989,1,1.8,1,4,1,1,12,8,5,10,1,0,1
1510,1,2.5,1,11,0,2,13,18,6,5,0,0,0
1266,0,2.6,0,1,0,7,2,16,8,3,1,1,0
1396,0,2.4,1,0,0,7,1,7,3,15,0,0,2
808,0,2.3,0,3,0,1,9,15,6,13,0,1,3
1542,0,2.3,0,1,0,2,11,14,4,16,0,0,3
745,1,0.6,1,5,0,8,10,14,1,16,1,1,1
1735,1,1.9,1,0,1,6,0,6,1,9,1,1,3
586,0,0.5,1,1,0,2,5,15,4,11,1,1,3
1341,1,2.1,1,0,0,8,1,18,14,15,0,1,1
781,1,1.3,1,1,0,2,7,17,10,9,0,0,3
501,1,0.5,1,14,0,6,20,17,3,17,0,0,2
1224,1,1.8,1,2,1,2,9,11,4,14,1,1,0
1970,0,1.6,1,11,1,8,19,14,12,2,1,1,2
618,1,2.2,1,0,1,2,1,14,3,5,1,1,2
1537,0,2.9,0,11,1,4,17,17,14,2,1,1,3
1018,0,2.2,0,8,0,8,10,17,12,20,0,1,3
1545,0,1.3,1,15,1,5,20,14,9,6,1,0,3
1871,0,2.1,0,4,1,8,5,15,8,11,1,0,3
1729,1,2.1,1,1,0,1,6,9,4,5,1,0,1
680,1,2.1,1,9,1,3,11,14,2,17,1,0,2
1106,1,1.9,0,4,0,3,9,9,3,9,1,0,2
635,1,0.6,1,1,1,5,13,13,12,12,1,0,1
618,0,0.6,0,8,0,1,14,16,15,4,0,1,2
1671,0,0.5,1,13,0,8,18,16,6,10,1,1,0
1562,1,1.2,1,0,1,7,9,13,10,3,1,1,2
1975,1,1.9,1,2,0,1,17,13,5,19,0,0,3
831,1,0.7,0,2,1,8,9,16,12,18,1,0,2
1524,1,1.8,1,0,0,4,1,16,5,13,1,0,2
1528,1,1.8,1,3,1,5,6,11,9,11,1,1,1
1447,1,2.5,1,2,0,8,16,12,11,8,0,0,0
1344,0,1.5,0,1,0,1,3,8,1,5,1,1,1
564,0,3.0,1,1,0,2,3,9,2,14,1,0,1
1413,1,1.7,0,2,0,6,6,5,4,15,0,1,2
831,0,2.4,0,10,0,6,12,12,11,3,1,1,0
802,0,0.5,1,3,0,5,6,17,13,4,0,1,2
1923,0,1.3,0,3,0,4,4,9,2,15,1,1,2
1193,1,3.0,0,10,0,3,17,19,11,14,1,1,2
904,1,1.2,1,10,1,3,11,13,3,19,1,0,2
1635,0,2.6,1,0,1,4,0,10,1,2,1,1,2
1851,1,1.9,1,3,1,6,11,7,6,14,1,0,0
727,1,1.5,0,0,1,7,1,19,13,7,1,0,1
1396,0,1.5,1,0,1,6,1,7,1,8,1,1,1
877,0,1.3,1,9,1,1,14,14,12,6,1,0,2
696,1,2.4,0,11,1,3,13,14,11,4,1,0,1
1009,1,1.0,1,2,0,8,14,7,5,15,0,0,1
1526,0,1.1,1,2,1,5,6,7,1,8,1,1,3
987,0,2.0,1,1,0,7,3,11,3,8,1,1,0
1732,0,0.8,0,2,0,5,3,17,11,20,0,1,3
1587,1,0.5,0,0,0,8,15,17,4,4,1,0,0
1097,0,0.8,0,10,1,7,15,15,6,12,1,0,2
1910,0,1.4,0,0,0,7,2,8,7,2,1,1,2
865,0,1.2,1,8,0,3,9,16,11,19,1,0,2
1930,1,2.0,0,11,0,8,12,17,3,13,0,0,2
860,1,1.3,1,8,1,3,13,13,7,20,1,1,2
1268,1,2.9,0,9,1,6,17,11,5,20,1,1,0
999,1,1.8,1,0,1,4,1,17,10,5,1,0,0
622,0,0.7,0,0,1,2,0,13,1,5,1,0,2
1250,1,1.4,0,8,0,7,20,14,1,14,0,0,1
763,1,0.5,0,9,1,5,12,11,6,9,1,1,2
1100,1,1.6,0,12,0,8,14,12,2,16,1,1,0
815,0,2.0,1,4,0,6,12,5,4,6,1,0,3
618,1,0.5,1,2,1,3,7,18,15,17,1,1,1
553,1,2.2,1,0,1,2,1,12,10,20,1,0,3
673,1,2.2,1,2,0,2,9,19,2,9,1,1,2
563,0,2.0,1,3,0,7,12,14,4,15,1,0,2
1590,0,1.5,1,12,1,4,15,6,5,4,1,0,3
1031,1,2.1,1,2,1,2,9,11,7,16,1,0,2
1479,1,1.8,1,0,1,6,0,12,10,5,1,0,3
1271,0,1.5,1,0,0,1,1,15,13,20,0,1,1
709,0,1.9,0,11,1,8,15,17,11,5,1,1,0
1744,0,2.8,0,0,1,1,0,10,6,14,1,0,0
1314,1,2.2,0,0,1,7,1,9,8,17,1,1,3
1136,0,0.5,0,0,1,6,2,9,5,16,1,0,2
1039,1,2.7,0,11,0,8,13,14,8,5,0,1,2
1300,1,0.5,0,5,0,6,7,15,3,10,1,1,0
732,1,2.3,1,7,1,7,11,19,3,15,1,1,3
511,0,0.7,1,1,1,2,10,8,3,7,1,0,2
1092,1,0.5,1,10,0,3,14,14,4,11,0,1,0
921,1,2.2,1,12,1,7,18,8,2,11,1,1,3
1030,1,0.5,0,4,1,1,8,8,6,12,1,0,2
1130,0,1.8,1,0,0,1,8,14,5,11,1,1,0
1299,0,2.8,1,2,0,8,6,13,1,20,0,1,1
1009,1,2.8,1,7,1,7,15,19,8,13,1,0,2
1735,0,1.8,1,16,0,2,17,17,15,19,1,0,2
1129,1,2.8,1,0,0,2,2,8,4,5,1,1,1
708,0,1.9,0,0,0,7,1,10,6,16,1,1,0
894,0,0.7,0,2,1,2,3,12,7,2,1,0,2
530,0,2.4,0,1,0,6,20,17,7,6,0,1,0
1481,1,2.0,1,0,0,3,0,17,16,4,1,0,2
1068,0,2.7,1,0,1,5,1,17,7,9,1,0,1
1487,0,0.5,0,6,1,3,12,18,4,14,1,0,2
1093,0,1.9,1,2,1,8,14,8,5,4,1,1,1
1816,1,1.6,1,0,0,5,2,11,7,16,0,0,3
627,0,1.8,0,2,0,3,8,17,6,14,0,0,0
989,1,0.7,0,13,1,3,15,10,1,20,1,0,1
1895,0,0.5,0,2,1,1,11,15,4,6,1,1,1
805,1,1.7,1,0,1,3,10,7,6,2,1,0,2
713,1,1.6,0,7,1,8,9,10,6,4,1,1,0
864,0,2.5,0,10,1,4,15,13,8,12,1,1,3
1177,0,0.9,0,1,0,4,7,8,5,11,1,1,1
582,0,0.5,0,8,0,3,11,6,1,20,0,1,2
1898,0,1.8,1,3,1,7,4,10,5,19,1,1,2
1158,0,0.7,1,1,1,2,20,17,9,15,1,0,1
1451,1,0.5,0,5,1,8,12,15,7,18,1,0,3
1820,1,1.4,0,5,0,7,10,11,9,11,0,0,2
984,0,0.5,1,3,1,3,20,18,15,16,1,0,0
580,1,2.1,1,0,0,4,5,12,11,8,1,0,2
1263,1,2.0,0,0,0,6,3,9,6,4,1,1,2
514,1,1.6,0,7,1,1,9,12,8,5,1,1,3
1515,0,2.6,0,0,1,3,1,14,4,20,1,1,0
721,0,0.5,1,6,1,4,9,8,4,8,1,0,0
603,1,2.5,1,3,0,3,16,13,1,9,0,0,3
1426,1,2.5,0,2,1,1,7,5,1,3,1,0,2
1820,1,1.7,1,0,1,1,3,10,2,18,1,1,1
1215,0,1.0,0,4,0,4,8,7,1,15,0,0,2
697,0,2.7,1,5,1,2,6,12,6,4,1,1,0
717,1,0.5,1,4,0,1,5,10,7,15,0,1,0
1348,1,2.0,1,5,0,6,6,19,1,12,0,1,2
1164,1,2.6,1,0,0,1,6,11,10,17,0,1,3
578,1,0.5,0,9,1,5,13,15,12,5,1,1,2
1971,1,0.5,1,0,0,7,19,8,7,17,1,1,0
1794,1,0.5,1,5,1,7,7,14,7,14,1,0,0
1558,1,2.5,0,2,1,5,3,16,5,17,1,1,0
1597,1,0.9,0,4,1,1,19,8,3,15,1,1,2
1240,0,1.6,0,0,0,2,9,13,1,17,0,0,3
1994,1,0.8,1,2,1,8,4,11,8,6,1,1,0
1221,0,2.3,0,7,1,7,19,19,16,14,1,1,2
989,1,1.6,1,11,1,8,17,16,13,5,1,0,2
1180,1,1.2,0,5,1,4,20,7,3,20,1,1,1
718,0,2.8,0,10,0,6,13,11,9,3,1,1,1
534,1,2.5,0,1,1,7,9,7,5,18,1,1,2
1566,1,0.5,1,0,0,2,0,14,9,13,1,1,1
1935,0,0.5,0,0,1,5,9,9,2,6,1,0,0
504,1,2.8,1,2,0,2,10,17,11,2,1,0,2
913,0,1.7,1,1,1,1,14,15,3,18,1,1,1
1317,0,1.8,1,2,0,5,3,16,13,5,0,1,3
917,1,0.5,0,1,1,6,2,19,2,13,1,1,3
1083,0,1.0,0,6,0,2,20,19,18,19,1,1,0
1039,0,0.6,0,5,1,6,8,15,7,7,1,0,2
1747,0,0.5,0,4,0,6,12,7,1,10,1,0,3
1449,1,0.5,1,0,0,6,0,5,1,10,0,1,1
1872,1,0.5,1,14,0,7,18,16,15,5,1,1,3
1796,0,1.6,1,5,0,4,6,9,4,3,0,1,1
1097,0,1.4,0,0,0,1,17,15,12,12,1,0,0
1562,0,0.5,1,1,1,8,10,16,11,6,1,1,3
1433,1,2.3,0,8,1,7,12,18,16,2,1,0,3
740,0,1.8,0,1,0,1,11,7,6,19,0,1,0
676,0,2.2,0,1,1,1,5,13,7,6,1,0,1
503,1,1.8,1,1,1,1,4,19,6,9,1,0,3
1020,0,1.5,0,13,1,3,18,13,9,8,1,0,1
896,0,1.0,1,3,1,1,4,12,10,4,1,1,1
1824,1,0.8,0,4,1,2,5,14,1,5,1,0,2
1512,0,0.6,1,1,1,3,2,7,3,11,1,0,3
1944,1,1.8,1,0,1,4,10,7,3,8,1,0,3
1174,0,0.7,1,1,1,2,8,19,7,3,1,0,0
627,1,1.6,1,3,1,7,17,17,1,10,1,0,1
1602,0,2.7,0,4,1,1,5,16,9,2,1,0,1
1733,1,1.5,1,4,1,1,15,6,4,10,1,1,3
586,0,1.4,1,10,1,8,14,9,7,10,1,0,2
875,0,0.7,0,2,0,7,7,14,5,6,0,0,0
1602,0,0.6,0,12,0,1,13,17,2,17,0,1,3
1426,0,1.6,0,4,1,5,16,14,9,5,1,0,1
1370,0,1.4,0,5,1,6,8,13,10,11,1,1,3
609,1,0.5,0,4,1,6,6,16,3,18,1,1,1
840,0,1.2,1,5,1,6,8,12,2,6,1,1,2
991,0,2.0,0,2,1,5,6,11,9,10,1,0,2
1724,1,1.8,0,0,1,2,1,18,16,6,1,0,3
584,1,1.8,0,0,1,3,0,12,8,4,1,1,0
860,1,1.3,1,1,1,6,13,16,14,20,1,1,3
1541,1,2.8,1,10,1,5,15,12,1,7,1,0,1
615,1,0.5,1,7,0,5,8,14,5,5,1,0,1
912,1,2.8,1,6,1,4,11,8,4,4,1,1,0
1278,1,1.2,0,10,1,7,14,11,4,19,1,0,3
1365,0,0.6,0,0,1,4,0,14,7,13,1,0,0
1702,0,1.0,0,7,0,5,9,8,6,10,0,0,2
589,1,0.5,0,1,1,8,4,16,10,6,1,1,0
1644,0,2.8,0,0,1,8,0,7,4,19,1,0,2
1089,0,1.4,1,10,0,7,20,7,5,13,1,0,2
871,0,0.6,0,2,0,3,3,14,7,17,1,0,0
664,0,1.5,0,5,1,2,19,11,5,18,1,0,3
1874,1,0.6,0,1,0,2,9,15,10,17,0,1,1
1928,0,2.6,0,5,0,5,16,14,12,15,1,1,0
888,0,2.6,1,2,1,2,17,12,1,20,1,0,3
1077,1,1.7,1,1,0,7,13,9,3,3,1,0,3
1426,1,0.8,0,2,1,3,10,15,9,16,1,0,1
831,0,1.7,1,7,1,5,11,6,5,20,1,1,0
1496,1,1.3,1,0,1,3,9,16,1,11,1,1,3
1433,1,2.3,0,2,1,5,11,18,15,19,1,0,1
1095,1,2.6,1,0,1,4,5,13,11,8,1,1,3
643,1,0.7,1,3,1,1,9,13,6,2,1,0,1
730,1,0.5,1,3,1,5,10,9,4,15,1,1,2
1901,1,0.5,0,5,1,2,17,5,1,12,1,0,0
1510,0,0.6,1,1,0,3,8,8,2,10,1,0,1
1924,0,2.6,0,0,1,6,0,10,9,16,1,0,3
1825,0,1.1,1,13,1,4,18,12,4,2,1,0,3
1275,1,0.5,1,3,1,1,9,13,4,4,1,1,3
1538,1,2.3,0,6,1,7,7,18,10,12,1,1,1
1965,1,0.5,0,4,1,5,13,11,1,20,1,1,3
808,0,1.9,0,7,0,6,14,13,4,11,0,1,0
712,0,0.5,0,6,0,2,11,11,10,12,1,1,1
1507,1,0.9,1,0,1,5,0,15,3,19,1,0,1
912,0,0.7,0,3,0,3,6,7,2,6,0,1,0
769,1,1.2,0,2,0,8,4,18,2,11,0,0,1
948,0,2.3,0,14,0,5,20,11,7,19,1,1,3
1384,1,2.8,1,15,0,3,18,18,12,15,1,0,1
1766,1,1.3,0,1,0,8,20,19,2,6,0,0,2
614,0,2.9,1,3,1,4,7,13,12,4,1,0,1
1972,0,2.9,0,9,0,7,18,8,1,8,1,1,1
1039,0,0.5,1,8,0,8,9,18,12,15,1,0,1
511,1,3.0,1,5,1,8,13,14,7,14,1,0,2
1811,1,2.5,0,4,1,4,16,13,7,8,1,1,2
1159,0,1.5,0,3,0,4,8,8,7,18,0,0,2
1848,0,1.3,1,7,0,2,19,9,7,8,0,0,3
1988,1,0.5,0,0,1,8,1,16,2,14,1,0,3
1469,0,0.5,0,3,1,7,8,17,16,2,1,0,2
1423,0,0.6,0,12,0,5,13,10,8,9,0,0,1
1974,0,0.5,1,9,0,6,12,6,1,17,0,0,1
835,0,0.8,1,2,1,5,18,15,2,13,1,1,2
1429,0,0.6,0,8,0,5,9,6,1,16,1,0,1
947,1,0.5,0,1,1,2,15,17,1,6,1,1,2
1332,0,1.3,1,5,1,7,19,19,11,10,1,1,2
1498,1,1.2,1,0,1,4,1,14,12,12,1,1,0
1576,1,0.9,1,0,1,2,4,17,2,6,1,1,3
1398,0,1.6,1,8,1,1,12,14,3,11,1,1,3
1885,0,2.4,1,12,1,4,15,9,6,16,1,0,1
798,1,0.5,1,7,0,2,15,14,9,3,0,1,2
1436,0,2.5,1,0,1,8,1,12,5,19,1,1,3
1998,1,1.2,0,8,0,8,19,17,9,18,1,1,2
1321,1,1.3,0,0,1,8,9,7,6,16,1,1,1
1021,0,1.3,0,7,0,2,12,6,1,14,1,1,1
1339,1,2.3,1,0,0,2,1,6,4,7,1,0,2
1949,1,0.5,1,2,1,5,9,7,3,19,1,0,1
882,0,0.7,1,9,1,6,16,19,11,8,1,0,0
1549,1,1.5,1,0,1,5,7,10,8,11,1,0,0
1991,0,2.2,1,1,1,1,13,6,5,10,1,1,0
796,0,0.5,0,2,0,1,8,7,3,2,0,1,0
1318,0,1.9,1,0,1,2,15,12,10,2,1,0,1
1708,0,0.8,0,8,1,4,16,19,16,16,1,0,1
598,1,0.8,1,8,1,8,9,11,2,19,1,1,2
541,1,2.3,0,4,0,8,17,11,2,12,0,0,0
818,0,0.5,1,2,1,5,17,19,12,3,1,1,2
1414,0,0.5,0,0,1,2,0,18,6,14,1,0,0
601,1,1.7,1,3,1,4,11,14,8,9,1,0,2
561,1,2.8,1,2,1,7,6,15,12,19,1,0,2
1616,1,2.3,1,3,0,5,8,7,3,2,1,1,0
1263,1,1.4,1,1,1,2,2,18,13,10,1,1,3
1604,1,1.9,1,0,1,5,2,15,9,20,1,1,1
539,0,2.0,1,1,0,4,2,7,4,3,1,1,0
1071,0,2.6,0,0,0,4,5,6,5,7,1,0,3
826,0,0.5,1,0,1,2,0,17,3,7,1,0,0
771,0,2.9,0,2,0,1,8,9,3,6,0,1,1
1811,0,2.9,0,0,0,8,2,8,3,13,1,1,3
1842,1,2.2,1,7,0,4,10,16,11,4,0,1,3
1420,0,2.8,1,1,0,8,8,17,1,17,0,1,0
1763,0,0.5,1,12,0,3,19,17,12,13,1,0,0
1805,1,0.5,0,0,0,4,2,19,4,17,0,1,1
610,1,1.6,1,9,0,4,19,10,4,12,1,1,3
1533,1,1.1,1,18,1,4,20,8,2,11,1,0,2
1924,0,0.5,0,3,1,2,10,13,3,19,1,0,3
1801,0,0.5,1,6,0,6,10,14,8,9,1,0,0
1726,1,1.9,0,1,1,5,3,16,7,6,1,0,2
794,0,2.5,1,15,0,3,19,19,8,18,0,0,1
1686,1,0.5,1,4,0,5,8,11,10,5,0,0,0
1444,1,2.1,1,0,0,1,1,17,5,10,0,0,0
1004,0,1.6,1,0,1,8,1,7,4,13,1,1,0
1242,1,2.4,0,8,0,4,9,11,10,19,1,0,0
539,0,1.5,0,6,1,6,8,18,11,15,1,1,3
717,0,1.1,1,2,1,8,6,16,15,20,1,0,0
1540,0,0.7,1,0,1,7,1,11,8,5,1,0,0
672,0,0.5,0,7,1,8,17,16,7,6,1,0,0
1325,1,0.5,0,0,1,4,8,19,3,18,1,1,3
950,0,0.5,0,6,1,8,7,6,5,4,1,0,0
948,0,1.5,1,6,0,4,7,17,13,9,1,1,2
1328,1,0.5,0,5,1,3,18,7,2,5,1,0,2
1447,0,0.5,0,3,0,2,5,8,4,20,0,0,0
1973,1,0.5,1,3,0,8,7,12,10,8,0,0,1
1731,1,2.3,1,18,0,4,20,9,3,20,0,1,1
1617,0,1.5,0,1,1,2,10,19,10,8,1,1,2
1791,1,0.5,1,1,1,5,4,17,8,16,1,0,0
851,0,2.3,1,7,1,2,9,12,2,14,1,0,0
856,0,1.9,1,0,1,1,7,6,3,12,1,1,1
714,1,0.5,0,1,0,4,2,12,10,10,0,1,1
951,0,0.5,0,6,1,2,17,16,11,16,1,1,0
1303,1,2.1,0,6,1,8,15,9,3,15,1,1,2
1550,1,2.7,0,2,0,7,5,12,3,14,0,0,2
1759,1,1.4,0,10,1,4,13,18,5,16,1,1,2
1448,0,0.5,1,18,0,5,19,9,4,18,1,1,0
1987,1,1.9,0,0,0,8,18,12,4,6,1,1,1
908,0,2.1,0,1,0,5,2,16,12,7,1,1,3
820,0,0.5,1,2,0,4,4,17,7,17,0,0,0
904,0,2.7,1,4,0,6,7,19,18,16,0,0,0
667,0,1.3,1,4,1,6,10,9,5,12,1,0,2
1109,0,2.1,0,1,0,1,4,13,5,17,1,0,2
1333,0,1.4,0,3,1,7,5,18,16,5,1,1,3
1352,0,2.4,0,5,1,6,9,12,1,14,1,0,1
1600,0,2.5,1,1,0,6,9,10,3,18,0,0,1
1489,0,2.1,1,0,0,3,1,9,3,14,1,0,1
1581,1,1.0,0,9,0,4,19,19,9,2,0,1,1
1672,1,1.7,1,1,1,8,4,11,6,7,1,1,1
1283,1,0.7,1,0,1,4,6,17,15,6,1,0,3
630,0,2.0,0,9,1,8,13,12,8,12,1,0,0
659,0,2.2,0,0,1,8,2,8,1,10,1,1,3
1811,1,0.5,1,0,0,6,0,17,11,18,1,0,0
688,1,2.5,0,9,0,5,20,12,7,8,0,1,1
514,1,2.9,1,5,0,2,8,13,7,16,0,0,0
1933,0,2.8,1,1,0,3,9,14,2,18,0,1,0
915,0,2.0,0,8,1,3,20,11,6,9,1,1,0
1006,0,2.2,1,4,1,4,8,18,4,7,1,0,0
1134,1,0.9,0,2,1,4,19,17,8,19,1,1,3
599,1,2.9,0,0,1,8,1,5,3,7,1,0,2
973,0,0.5,1,5,0,5,7,13,10,16,0,1,1
1180,1,2.5,0,0,1,6,1,7,5,19,1,1,0
1237,1,2.5,0,7,0,4,12,11,8,16,0,0,2
659,0,0.5,1,7,1,8,10,16,10,16,1,1,1
1142,1,1.4,1,6,0,8,8,12,4,5,0,1,0
1002,0,2.7,1,16,1,6,18,10,7,19,1,0,0
1392,0,2.5,0,0,1,4,2,8,1,16,1,0,1
602,0,0.9,0,9,0,8,18,7,5,16,0,1,2
1249,1,0.5,0,3,1,3,8,18,10,13,1,1,0
531,1,0.5,1,0,1,4,3,18,12,20,1,0,1
1450,0,2.1,0,1,0,5,4,11,5,9,0,1,1
1342,0,2.8,0,1,0,1,8,7,2,11,0,1,2
832,1,0.5,0,5,1,1,8,15,4,20,1,1,1
867,1,1.5,0,0,1,4,0,8,6,18,1,0,1
1404,0,2.1,0,16,0,1,20,10,6,5,0,0,1
840,0,0.9,1,6,0,6,7,10,8,19,0,1,2
1927,0,0.9,1,3,0,8,12,16,11,18,0,1,3
1714,0,0.5,1,7,0,2,10,5,1,19,0,0,3
1201,1,0.5,0,1,1,6,5,11,4,3,1,1,0
1796,1,2.3,0,4,0,2,11,17,7,4,1,1,3
1147,0,0.8,1,11,0,6,13,18,3,15,1,0,2
776,1,1.7,0,0,1,4,9,15,11,7,1,1,0
510,0,2.6,0,0,0,6,10,6,2,5,0,1,1
1045,1,1.2,1,3,1,6,7,11,8,12,1,0,2
1425,1,0.6,0,0,1,3,2,10,3,9,1,0,3
726,0,2.2,0,0,1,4,20,16,11,4,1,1,0
1576,1,2.0,0,0,1,3,0,17,1,16,1,0,1
714,1,2.1,1,5,1,3,6,15,12,19,1,1,1
1595,0,1.9,1,1,0,1,20,18,13,6,0,0,1
541,0,1.0,0,0,1,4,0,19,9,15,1,1,1
1617,1,2.6,0,14,0,6,20,13,1,18,0,0,3
1638,0,1.0,0,6,0,1,11,19,9,9,1,1,2
1150,1,2.7,0,0,0,8,1,6,2,11,1,1,0
1254,1,2.3,0,0,1,1,10,7,4,12,1,1,2
603,0,1.5,0,8,0,6,20,7,5,19,1,1,1
520,0,2.3,0,0,1,6,14,13,7,17,1,0,1
565,0,0.6,1,1,0,2,8,13,6,6,1,1,1
1689,1,0.5,0,11,0,5,15,8,4,3,1,0,2
742,1,2.3,0,0,0,8,1,11,8,7,1,0,0
1143,0,1.2,1,1,1,3,6,12,5,16,1,1,1
761,1,0.5,0,9,0,7,15,19,3,15,1,1,2
959,1,1.3,1,0,0,5,14,19,1,8,1,1,3
772,1,1.2,1,7,1,7,8,7,6,15,1,0,0
1015,1,0.8,0,5,0,3,14,5,1,2,0,1,1
1824,1,1.9,1,9,1,1,14,12,2,19,1,1,3
1130,1,0.5,1,1,1,1,14,6,1,10,1,1,0
1183,1,0.5,1,3,1,8,12,8,3,3,1,0,0
574,1,2.0,1,0,1,6,2,8,4,2,1,0,0
1472,0,3.0,0,4,1,2,6,6,1,11,1,1,0
1868,1,0.5,0,2,1,8,17,8,2,17,1,1,0
881,0,1.0,0,1,0,3,6,18,9,6,1,1,1
1742,1,0.5,1,5,1,3,7,9,2,3,1,1,2
1225,0,0.7,1,6,0,2,15,17,11,6,1,0,2
1970,1,0.5,1,0,1,2,0,15,9,20,1,1,2
1186,1,0.5,1,2,0,8,4,17,8,7,1,0,1
1762,0,0.7,0,7,0,4,10,14,5,14,1,0,1
1731,1,1.4,1,4,1,6,18,5,1,4,1,1,3
852,0,1.8,1,5,1,5,9,7,6,20,1,0,0
848,1,1.5,1,4,1,4,16,10,2,19,1,1,1
1575,0,2.5,1,0,1,7,20,7,3,17,1,1,2
1554,0,2.8,1,7,0,6,18,13,9,20,1,0,2
1972,1,1.6,0,0,0,8,2,7,2,11,1,0,3
827,1,0.6,1,9,1,6,17,5,3,15,1,0,1
1063,0,1.5,0,7,0,4,10,12,10,20,1,1,1
1695,0,2.3,1,1,0,5,10,17,6,14,0,0,3
1343,0,2.4,1,5,1,8,10,18,7,11,1,1,0
834,0,0.5,0,2,1,1,16,11,9,20,1,1,1
595,0,2.6,0,0,1,2,18,19,11,2,1,0,0
1081,1,1.9,1,13,1,7,17,7,4,7,1,0,1
911,0,1.4,1,3,0,4,4,16,3,11,0,1,3
844,0,2.2,1,1,1,7,2,14,11,7,1,0,3
1335,1,3.0,0,3,0,2,4,5,2,9,1,0,3
1883,0,1.6,0,9,0,1,16,17,10,3,0,0,3
1128,1,0.5,1,6,0,8,7,17,15,19,1,0,1
826,1,2.4,1,14,1,2,17,15,14,5,1,0,1
1650,0,2.3,0,0,1,1,1,14,10,2,1,1,0
1162,0,1.0,0,0,0,4,10,10,3,15,1,1,1
1517,0,2.5,0,2,1,4,18,18,16,12,1,0,2
963,0,0.5,0,1,1,3,3,12,6,16,1,0,2
1837,0,1.0,1,5,1,8,6,8,7,20,1,0,3
1028,1,2.8,0,1,1,1,10,18,4,13,1,0,1
1831,1,2.2,1,4,0,8,9,14,3,10,0,1,1
571,1,2.0,1,5,1,6,11,19,10,11,1,0,0
1770,1,2.3,0,0,0,6,5,13,10,14,1,0,3
642,1,0.5,0,0,1,5,10,9,2,2,1,1,0
600,1,1.8,0,9,1,2,15,17,4,7,1,1,2
1412,0,0.6,0,9,0,3,10,15,10,18,0,0,1
1070,1,3.0,0,9,0,7,16,14,13,20,0,1,2
875,1,0.7,1,1,0,8,8,19,15,15,1,1,0
1994,1,0.7,0,5,0,2,7,12,11,18,1,0,2
823,0,1.0,1,9,1,5,16,13,10,9,1,1,3
1908,0,0.5,0,9,1,2,19,19,17,17,1,0,3
790,0,0.5,1,7,1,8,8,13,11,9,1,1,3
1330,1,1.8,1,1,0,1,5,9,4,14,1,1,2
1660,0,0.5,0,2,1,8,8,12,5,9,1,1,2
1776,0,2.2,0,2,0,6,16,15,10,12,0,1,3
1611,0,0.5,1,4,1,1,10,15,2,6,1,0,2
1410,1,0.5,1,0,1,3,1,18,4,18,1,1,2
1772,1,1.6,0,17,1,2,18,6,1,17,1,1,1
1280,1,1.3,0,0,1,7,1,6,4,2,1,0,1
1562,1,0.7,0,0,0,8,1,15,3,3,0,0,2
891,0,1.9,1,1,1,6,3,17,16,4,1,1,0
1957,0,1.2,1,18,1,2,19,16,2,18,1,0,1
1110,0,0.6,0,1,0,5,2,12,8,18,1,1,0
875,1,1.4,1,1,1,8,3,14,2,18,1,0,3
1211,1,1.2,0,0,0,2,3,6,1,14,0,1,2
769,0,0.5,1,12,1,4,19,15,8,20,1,0,0
671,0,2.9,0,7,1,6,19,13,4,2,1,0,2
1872,0,0.5,0,5,1,4,10,8,4,8,1,0,2
1076,0,2.3,1,0,1,5,0,17,16,2,1,1,2
1325,0,1.9,0,2,0,1,10,17,10,2,1,0,2
911,1,2.2,1,1,1,2,2,8,4,13,1,1,1
1273,1,0.7,0,1,0,6,14,8,5,13,1,0,0
940,0,2.9,0,0,0,4,1,15,13,9,1,1,1
729,1,2.0,0,0,0,6,2,19,15,17,1,0,2
1494,0,2.4,0,6,1,7,17,14,13,17,1,1,1
1546,1,1.6,1,2,1,2,6,12,10,16,1,1,0
1253,0,0.7,0,0,1,4,10,7,3,8,1,1,3
793,1,1.9,1,0,1,8,2,11,9,3,1,1,0
1628,1,1.8,1,11,0,2,13,17,11,12,1,1,3
625,0,2.7,1,2,0,8,3,10,4,17,1,0,2
1110,0,1.5,0,2,1,8,5,9,7,15,1,0,0
1856,0,0.5,1,0,1,5,1,17,6,10,1,1,2
1715,0,2.6,1,9,1,6,20,16,2,4,1,1,1
1897,1,1.9,0,2,1,2,7,17,11,2,1,0,0
1171,1,1.7,1,2,0,7,19,6,5,8,0,0,0
964,0,2.0,0,0,1,8,0,17,16,5,1,1,2
1992,1,0.6,1,11,0,1,14,10,9,10,1,1,3
546,1,2.6,1,5,0,5,15,7,2,3,0,1,1
1880,1,2.0,0,11,0,4,14,17,7,15,0,1,2
1765,0,1.1,0,3,0,2,7,6,5,18,1,0,3
1640,0,0.5,1,1,1,8,11,6,1,10,1,0,3
1830,0,0.5,0,0,0,6,12,8,7,14,0,1,2
826,0,0.6,0,3,0,4,19,17,4,17,0,0,1
1864,0,2.2,0,0,1,1,2,10,1,10,1,0,2
586,1,0.6,0,16,1,7,17,12,2,7,1,1,1
1206,0,3.0,1,10,1,3,13,7,1,4,1,0,2
832,1,0.5,1,1,1,5,2,12,5,14,1,1,3
848,1,2.8,0,1,0,7,3,10,6,15,1,1,0
1166,1,0.5,0,7,0,1,11,8,6,7,1,0,3
1776,1,2.1,1,10,0,4,16,16,13,20,1,1,1
1254,1,1.2,0,2,1,2,10,14,1,16,1,1,0
1494,0,1.6,1,4,1,1,17,15,12,9,1,0,3
984,1,2.2,1,0,1,8,18,11,7,16,1,1,1
1179,1,0.8,0,1,0,5,17,8,7,18,0,0,0
513,0,1.9,0,8,0,8,13,16,6,13,0,1,2
557,0,0.5,1,3,0,6,4,17,16,16,0,0,1
744,0,1.7,1,0,1,4,2,9,3,19,1,0,2
1148,0,2.3,1,0,1,5,20,10,7,11,1,0,2
1793,0,2.7,0,12,1,5,17,19,9,6,1,1,3
1310,0,2.3,1,3,0,5,11,18,17,5,0,1,2
1604,0,1.2,0,1,0,6,15,7,2,2,1,1,3
1676,0,1.6,0,2,0,1,3,14,8,4,1,0,2
1001,0,2.8,1,1,0,3,7,13,9,10,1,1,3
1086,0,2.7,0,0,1,8,19,17,1,18,1,1,3
1986,1,0.5,1,7,1,7,19,11,8,17,1,1,3
634,1,0.8,0,5,0,1,12,18,11,4,1,0,3
502,0,0.8,0,7,0,6,8,5,4,20,1,1,2
1641,0,1.1,0,6,0,8,7,13,6,17,1,0,2
623,0,1.4,1,0,1,3,1,14,4,18,1,0,2
962,1,1.1,1,3,0,8,20,14,3,20,0,0,3
1057,1,2.7,0,3,1,4,10,16,9,2,1,1,1
1862,0,1.5,0,1,0,1,2,11,3,9,1,0,1
555,1,3.0,1,5,1,2,10,8,1,8,1,0,1
841,0,0.5,0,6,1,5,14,6,5,11,1,1,0
865,0,2.9,0,5,0,4,12,13,3,14,0,0,3
999,0,2.6,1,11,1,4,13,8,4,11,1,1,2
1232,0,1.2,0,12,0,6,14,8,4,15,1,1,1
1194,0,2.3,0,6,1,2,12,15,1,19,1,1,0
612,1,0.5,1,1,1,8,6,16,2,18,1,1,3
1362,1,2.9,0,0,0,6,4,19,17,5,0,1,3
1469,0,1.7,1,11,1,2,14,15,5,5,1,1,1
986,1,0.8,0,13,1,4,20,8,7,18,1,1,0
1843,0,2.8,0,1,1,3,7,5,4,6,1,0,3
1561,0,0.5,1,10,1,2,13,13,12,10,1,1,2
1695,1,0.5,1,2,1,5,13,8,6,11,1,1,1
667,0,2.6,1,3,0,1,7,11,8,8,0,1,2
1768,1,2.0,0,0,1,7,2,9,6,5,1,1,3
1269,1,2.8,1,16,0,8,17,10,9,16,0,0,2
1109,1,2.8,1,6,0,1,12,15,10,16,1,0,2
936,0,0.5,1,14,1,3,17,13,1,12,1,0,3
1713,1,2.0,0,9,1,6,16,15,6,2,1,0,1
1175,1,1.7,1,1,1,2,7,10,6,5,1,1,1
1940,1,1.0,1,0,1,4,1,19,18,3,1,1,1
855,1,0.5,0,2,1,2,3,16,8,8,1,1,1
771,1,0.5,1,0,1,3,17,16,2,10,1,1,0
645,0,2.5,0,10,1,4,14,18,8,13,1,0,2
1307,0,1.8,0,2,0,7,3,16,9,5,0,0,1
1948,0,2.9,1,4,0,1,13,6,1,10,0,1,0
1509,0,0.6,1,5,0,4,8,12,8,3,1,1,1
626,1,2.8,1,3,1,2,9,6,1,4,1,0,0
1190,0,2.0,1,0,0,5,1,13,7,9,0,0,3
1727,1,2.1,1,10,0,6,18,5,2,6,0,0,0
1208,0,2.9,0,5,1,1,19,17,16,12,1,0,1
1812,1,1.3,1,4,1,7,15,18,13,11,1,1,3
770,1,1.5,1,6,0,4,9,7,3,4,0,0,3
1559,1,1.3,1,10,1,8,17,7,5,15,1,1,1
1902,0,0.5,0,10,0,4,11,14,10,15,1,1,1
1751,0,2.5,0,1,0,8,9,19,14,12,0,1,1
1416,1,1.8,1,0,0,4,0,10,2,7,0,0,3
1288,0,0.5,1,3,1,6,6,16,6,10,1,0,2
1003,1,2.9,0,16,1,8,19,16,7,10,1,0,1
1715,1,0.5,1,1,1,6,3,17,2,3,1,0,3
1967,0,0.5,0,0,1,1,7,15,2,7,1,1,1
962,0,1.0,1,14,0,1,20,16,2,14,1,0,1
1487,0,1.5,0,5,1,2,7,12,4,3,1,0,2
1569,1,1.6,1,4,1,4,6,6,2,4,1,0,3
1146,0,3.0,0,5,1,5,10,19,9,11,1,1,0
1379,1,1.5,0,6,1,8,13,11,4,18,1,0,1
1504,0,1.9,1,7,1,4,9,13,11,13,1,0,1
1945,0,1.2,0,3,0,6,5,18,7,20,0,0,3
1630,1,2.8,1,0,1,6,1,12,10,20,1,0,2
1125,1,2.7,0,10,0,1,14,14,8,12,1,1,1
614,1,0.7,0,4,1,7,7,10,7,12,1,0,2
1470,1,1.7,1,6,0,1,9,10,1,14,1,0,3
1826,1,0.5,1,5,1,8,6,17,9,17,1,1,2
807,1,0.5,1,0,0,4,0,5,4,4,0,0,1
1996,1,2.8,1,0,1,5,4,17,14,16,1,0,1
1083,1,2.0,0,3,0,5,5,18,3,10,0,0,1
1035,0,0.5,1,14,1,2,15,12,4,19,1,0,3
1521,1,1.6,0,5,1,1,9,5,2,19,1,0,3
1314,1,2.8,1,13,1,4,18,17,16,18,1,0,3
535,0,1.9,0,5,0,8,19,9,3,4,0,0,0
673,1,1.9,0,13,1,6,14,18,17,4,1,0,3
1219,0,1.6,1,5,0,6,7,9,2,4,0,0,2
1606,1,0.5,1,0,1,5,0,11,1,2,1,0,3
1603,1,0.5,1,1,1,2,8,17,3,11,1,0,1
1958,0,0.5,0,6,1,1,14,7,6,3,1,0,3
695,0,0.5,0,18,1,2,19,16,13,7,1,1,2
1441,0,0.6,1,0,1,1,12,9,4,4,1,1,1
1470,0,2.2,1,4,1,7,10,18,4,4,1,0,2
1890,0,1.1,0,4,1,4,5,10,4,15,1,0,3
1152,1,2.1,1,0,1,2,0,15,2,8,1,0,3
1619,1,0.9,0,3,0,6,9,7,5,16,1,0,0
1002,1,1.8,0,1,0,7,7,19,13,18,1,1,0
1306,1,2.1,1,2,1,3,9,6,5,16,1,0,2
942,0,1.4,1,8,0,4,9,6,3,13,0,1,0
1934,1,2.7,0,8,1,4,16,18,1,9,1,0,2
1290,1,1.4,1,19,1,4,20,16,2,8,1,0,0
930,0,2.1,1,0,0,1,13,7,1,9,0,1,2
1849,1,0.5,0,1,0,7,12,14,4,15,1,0,3
1922,0,0.5,0,15,1,8,16,12,1,17,1,0,3
548,0,1.0,1,0,1,4,14,17,14,8,1,1,0
916,1,0.5,0,0,1,4,1,11,10,11,1,1,1
1783,1,0.5,0,8,0,8,11,12,7,7,0,0,2
1083,1,1.4,1,2,1,5,9,16,8,5,1,1,0
1698,0,2.8,0,10,1,8,12,15,3,17,1,1,2
1969,0,0.8,1,5,1,8,20,16,7,7,1,1,0
1337,1,2.7,1,0,0,4,1,10,1,20,0,1,2
637,1,0.8,1,2,0,4,6,15,10,7,0,0,2
833,1,0.6,1,0,1,4,2,19,8,19,1,0,0
1248,0,2.4,0,6,1,3,8,9,8,13,1,1,2
1174,1,0.9,0,7,0,4,20,17,14,16,0,1,0
1831,1,2.3,0,3,1,7,14,10,5,18,1,0,2
1002,0,2.6,1,7,0,1,10,18,15,17,1,0,0
1010,1,2.0,1,2,1,5,3,15,11,12,1,1,2
1117,1,0.5,1,2,0,2,19,15,9,2,1,0,1
990,1,2.7,1,3,0,2,7,11,8,6,1,0,2
1564,0,1.4,0,5,1,6,16,13,3,13,1,1,3
1065,0,2.8,1,0,1,5,3,16,13,20,1,0,1
1982,0,1.1,0,12,0,7,16,16,14,15,1,1,3
1607,0,1.1,1,6,1,2,8,11,1,14,1,1,0
1066,0,3.0,1,6,1,5,7,8,7,11,1,0,0
681,0,0.5,1,12,1,5,19,6,1,5,1,0,2
1285,0,0.8,1,4,1,5,7,17,15,2,1,1,3
753,1,0.5,0,11,1,8,20,11,10,16,1,0,3
1779,1,2.6,1,2,0,1,3,12,2,20,0,1,1
987,1,1.9,0,4,1,3,8,17,12,15,1,1,2
511,0,0.9,1,15,1,3,18,18,3,4,1,0,1
1044,0,1.8,0,4,1,6,5,18,7,19,1,1,1
946,1,1.4,0,9,0,6,10,7,3,6,1,0,0
657,1,1.9,1,2,0,8,8,6,1,11,1,1,0
1673,1,1.6,0,2,0,5,6,12,4,20,0,0,2
731,1,0.5,1,0,1,8,0,12,8,10,1,0,1
926,1,0.8,0,6,1,7,14,18,7,2,1,0,0
1261,0,0.5,0,3,1,2,9,9,3,16,1,0,1
618,0,1.1,0,11,1,3,20,19,2,10,1,1,2
936,1,2.3,0,5,1,2,6,12,8,5,1,1,1
1485,1,0.9,1,0,1,5,1,14,11,11,1,1,3
1339,1,0.5,1,10,1,4,11,8,3,3,1,1,0
508,1,1.3,0,1,0,5,9,14,4,14,0,0,1
1938,1,0.5,1,5,0,2,9,18,10,18,0,1,3
995,0,1.3,1,1,0,4,3,11,3,5,1,0,0
1086,1,1.7,1,0,1,6,1,11,5,17,1,1,2
1322,0,2.3,1,1,1,1,3,15,8,6,1,0,3
1864,0,1.9,1,2,0,6,6,19,9,8,0,0,3
1944,1,0.5,0,1,1,4,9,19,8,7,1,0,2
581,0,0.6,0,5,1,2,10,10,4,13,1,1,0
1020,1,0.7,1,3,1,4,4,18,1,9,1,0,3
1936,0,1.3,0,2,0,3,3,17,7,3,0,0,1
1329,1,1.7,0,5,1,8,6,11,10,9,1,1,1
808,1,0.5,1,3,0,8,15,15,5,10,1,0,0
994,0,1.2,1,4,0,2,17,17,7,11,0,0,2
1811,1,2.0,0,3,1,2,8,9,2,4,1,0,2
765,1,2.5,0,3,0,8,11,6,1,19,0,1,2
993,1,2.3,1,0,0,7,13,14,1,6,0,0,0
1136,1,1.6,0,15,0,6,19,10,3,8,1,1,3
719,1,0.5,1,0,1,6,9,14,9,12,1,1,3
733,1,0.6,1,0,0,7,10,17,4,9,1,0,0
1230,1,1.6,0,0,1,7,2,18,17,16,1,1,2
1577,0,1.0,1,0,1,3,7,7,3,7,1,1,3
1514,1,1.4,0,3,1,3,4,15,3,15,1,0,0
579,1,2.5,0,3,0,8,10,12,4,11,0,0,2
574,1,3.0,0,1,1,2,3,5,3,19,1,0,0
1072,1,2.2,1,6,0,8,16,15,9,16,0,1,2
843,0,1.3,1,1,0,7,4,17,8,14,0,0,1
1492,1,1.5,0,5,0,3,7,14,12,19,0,1,3
1807,1,2.9,0,0,0,3,0,8,5,17,0,1,3
909,1,0.7,1,7,0,3,9,14,10,16,0,1,0
1436,1,2.4,1,3,1,5,4,8,4,8,1,0,2
1251,0,0.5,1,10,1,6,16,11,9,11,1,0,0
636,0,0.5,0,8,1,2,15,15,6,3,1,0,2
1354,1,0.7,1,3,1,4,6,5,1,13,1,1,1
930,1,0.5,1,3,1,4,16,7,2,6,1,0,2
1830,1,1.0,0,7,1,1,11,13,10,11,1,0,3
1424,0,0.5,1,16,1,4,18,14,11,16,1,1,1
583,1,0.9,1,1,0,8,2,16,9,7,0,1,1
1203,1,0.5,1,0,1,2,12,17,13,19,1,1,0
1777,0,2.2,1,0,0,4,7,10,8,10,1,1,1
1299,1,2.8,1,0,0,6,6,19,8,5,1,0,1
1494,0,1.9,0,2,1,2,9,13,1,14,1,0,3
527,0,0.7,1,4,0,1,11,13,7,13,0,0,0
873,1,0.5,1,6,0,7,9,15,8,7,1,0,0
722,0,1.1,0,12,0,6,20,13,6,3,0,0,1
1250,1,1.5,0,14,1,5,18,6,5,6,1,1,2
1358,0,1.7,0,0,0,3,1,14,10,13,1,0,0
1035,1,1.9,1,8,0,6,10,17,8,5,1,1,1
1289,0,0.8,1,3,1,6,17,14,8,20,1,1,3
1445,0,2.2,1,2,0,2,6,17,16,17,1,1,3
534,0,0.5,1,4,0,5,16,5,3,18,0,1,2
628,1,1.8,0,5,0,6,6,12,7,14,0,1,1
713,0,1.4,1,4,0,1,17,19,18,13,1,0,0
1207,0,0.5,0,0,0,8,0,7,3,5,1,1,0
594,1,2.6,0,1,0,5,2,17,5,17,0,1,0
537,1,2.0,0,1,1,7,2,10,5,12,1,1,1
1565,1,0.5,0,0,0,5,1,19,17,7,1,1,0
1052,0,0.9,0,1,0,4,16,6,1,11,0,0,0
713,0,1.6,0,4,1,2,8,15,10,12,1,0,1
1766,1,0.5,1,1,0,5,7,9,7,17,0,0,3
584,1,1.7,1,1,1,4,4,12,9,17,1,1,3
1541,1,1.5,1,6,1,4,10,7,3,4,1,1,1
837,0,2.4,1,1,0,5,15,16,6,20,1,0,0
935,1,0.5,1,3,1,5,12,10,4,9,1,0,2
665,1,0.7,0,0,1,5,2,5,2,15,1,0,0
680,1,2.4,0,13,1,2,17,15,1,4,1,1,3
877,0,1.5,1,0,1,7,0,11,8,9,1,1,1
1493,0,1.5,1,13,0,5,16,19,15,20,0,1,2
1762,0,0.6,0,3,1,6,14,9,7,4,1,1,2
842,1,1.8,1,4,0,3,10,8,4,14,0,1,1
1692,0,2.1,0,4,1,1,17,9,3,7,1,1,3
1576,1,2.2,0,8,0,3,17,5,1,7,1,1,3
958,1,1.6,0,9,1,1,12,10,4,19,1,0,0
623,1,0.8,0,6,1,7,12,10,1,16,1,0,1
897,0,1.4,1,1,0,1,2,12,3,5,0,0,2
1110,0,1.5,0,4,1,3,16,16,5,16,1,0,2
616,1,2.2,0,3,1,7,4,17,9,19,1,0,2
1680,1,1.2,1,6,1,4,7,15,3,2,1,1,1
1715,0,1.3,0,0,1,8,6,15,10,5,1,1,2
983,0,0.6,1,0,1,4,11,5,3,6,1,0,1
720,1,0.9,1,12,1,4,14,14,7,3,1,1,0
1660,0,0.6,0,2,1,2,3,12,10,14,1,1,2
969,0,1.8,1,2,1,3,7,9,1,8,1,0,0
1356,1,0.5,1,0,0,1,19,5,2,17,1,1,3
1546,1,0.5,1,3,1,1,4,15,11,9,1,0,3
1685,0,0.6,0,14,0,7,15,6,3,17,0,1,0
1792,1,1.0,0,3,1,7,8,18,14,15,1,0,3
1786,0,1.2,0,11,0,3,14,14,11,17,0,1,3
1944,0,0.6,1,9,1,7,10,19,13,3,1,0,0
1077,1,2.5,0,13,1,4,14,17,11,2,1,0,3
648,1,1.8,0,1,1,4,4,10,3,4,1,0,0
1702,1,0.5,1,8,0,6,19,12,9,3,0,1,0
1571,0,2.9,0,1,0,7,3,10,9,4,0,1,0
914,1,0.7,0,1,1,5,4,14,8,5,1,0,3
1615,1,2.8,0,3,0,1,13,8,3,3,1,1,2
649,1,1.4,0,4,1,7,12,18,1,2,1,1,0
1646,0,2.5,0,3,1,2,5,8,6,11,1,1,0
1189,1,1.9,0,5,0,2,20,13,10,11,0,1,0
1043,0,2.7,0,3,0,8,17,5,3,8,1,0,0
1220,1,2.8,0,1,0,7,20,6,4,15,1,0,0
907,1,2.6,1,7,0,3,12,13,6,8,0,0,3
1193,1,2.3,0,7,0,7,13,7,5,2,1,0,2
1766,1,0.5,1,1,1,8,4,7,5,16,1,0,3
1278,1,1.0,0,7,1,3,16,6,2,11,1,1,3
1234,0,1.7,1,8,0,6,15,12,9,19,0,0,2
1961,1,1.5,0,10,0,7,20,14,7,6,1,1,3
1442,0,0.6,1,1,0,5,8,14,8,7,1,0,0
1083,1,2.9,1,1,1,8,2,8,6,6,1,0,2
864,0,1.6,1,0,1,6,1,18,9,10,1,1,0
608,1,0.5,1,0,0,4,0,16,8,7,1,1,1
983,0,1.8,0,0,1,1,4,17,8,8,1,1,1
1720,0,1.6,0,18,1,5,20,10,5,2,1,0,2
1802,1,1.2,1,8,0,5,16,10,9,7,1,1,2
591,0,2.1,1,18,1,7,20,14,5,4,1,1,0
1205,1,2.7,0,5,0,6,10,18,11,20,0,1,0
1369,1,1.7,1,3,0,1,18,16,15,4,0,0,3
713,0,0.9,1,0,0,1,14,12,10,9,0,0,0
1082,0,2.3,1,11,0,4,20,12,2,17,0,1,1
1719,1,2.1,1,0,0,3,1,10,1,11,1,1,2
1544,0,2.4,0,18,1,7,20,9,4,2,1,0,0
1090,1,2.3,0,1,1,8,8,17,3,11,1,0,3
1991,0,2.8,0,3,1,1,13,8,5,17,1,1,1
1367,0,2.9,0,4,0,2,6,6,2,10,0,1,0
1179,1,0.5,0,7,1,2,12,16,5,16,1,0,0
1549,1,1.8,1,0,0,4,4,7,3,9,1,0,0
1349,1,2.1,1,3,0,6,12,11,7,10,1,0,1
1799,0,1.0,0,1,1,3,9,10,8,10,1,1,0
1075,0,0.5,1,2,0,1,16,8,3,7,1,0,3
684,1,0.9,1,3,1,5,9,17,5,12,1,1,3
1837,0,0.5,0,9,0,4,20,14,1,15,0,0,0
1619,1,1.9,0,2,1,1,9,7,2,13,1,0,1
965,1,1.4,0,1,0,8,2,17,12,15,1,0,2
730,0,1.5,0,9,0,4,15,10,8,7,1,0,2
1361,1,1.4,0,1,0,5,2,8,7,16,0,0,2
1494,0,1.6,0,3,1,5,4,11,9,4,1,0,3
1027,1,0.8,0,7,0,7,11,7,4,14,1,0,0
1807,0,0.8,1,0,1,8,0,7,6,7,1,0,1
709,0,2.4,1,1,0,5,11,16,14,3,0,0,3
689,0,1.4,0,2,0,5,11,10,1,10,1,0,3
955,1,0.5,0,2,0,4,10,14,1,18,1,1,1
1872,1,1.9,0,5,0,3,14,15,5,19,0,0,3
1259,0,1.2,1,0,0,2,0,17,13,4,1,0,0
695,0,1.2,0,1,1,8,8,5,2,17,1,1,1
1969,0,1.2,1,9,0,4,11,10,1,10,1,1,0
759,0,2.5,0,3,1,2,8,6,2,2,1,0,0
936,0,1.0,0,1,0,3,18,12,6,3,1,1,2
1176,1,2.1,0,2,1,2,10,6,2,17,1,0,1
1802,0,2.7,1,0,1,7,9,14,7,3,1,1,0
1318,1,2.4,0,1,1,2,7,18,3,9,1,0,0
569,1,2.5,1,0,0,1,1,17,7,4,0,0,1
764,0,1.0,1,9,1,8,11,19,1,12,1,0,0
1056,1,2.1,1,8,1,3,11,15,5,3,1,1,2
1982,1,1.6,0,2,1,5,20,13,3,14,1,1,1
1830,1,0.5,0,5,0,6,6,16,3,19,1,1,2
1122,0,0.5,0,0,1,7,14,9,3,20,1,1,1
1023,1,0.7,0,2,1,7,8,11,10,7,1,1,3
1283,1,2.4,1,8,1,3,15,17,7,2,1,1,0
1602,0,1.6,1,0,1,7,7,18,17,13,1,0,2
732,1,1.3,0,5,1,8,7,12,2,5,1,0,3
1854,0,0.9,1,0,1,1,0,14,12,9,1,0,1
718,1,1.6,1,1,1,3,12,10,9,12,1,1,1
1405,0,1.7,0,0,0,4,7,19,6,11,0,1,2
798,0,0.6,1,6,1,2,12,12,2,3,1,0,1
1035,1,2.7,0,1,0,5,15,14,4,5,0,1,3
1396,1,0.6,0,0,0,4,15,18,3,19,0,0,2
1749,1,0.5,1,7,1,1,8,5,4,4,1,0,2
1588,1,2.5,0,12,1,5,20,5,3,11,1,0,2
1600,0,0.5,0,1,1,4,16,9,5,4,1,1,2
1522,0,2.2,0,4,0,6,11,15,9,16,0,0,3
1279,1,2.5,0,5,1,6,6,7,2,7,1,0,1
719,0,2.9,0,7,0,6,8,9,1,2,1,0,0
544,1,0.5,1,2,1,5,15,13,4,17,1,1,0
1007,1,2.9,1,5,1,8,12,8,6,12,1,1,0
1788,0,0.5,0,0,1,6,16,7,5,20,1,1,2
748,0,1.4,0,0,0,7,14,17,5,13,0,1,1
757,1,0.9,1,4,0,7,5,6,5,10,1,1,2
1561,1,1.6,1,1,1,3,10,12,7,3,1,1,1
1327,0,2.8,0,10,0,7,16,7,5,4,1,1,0
797,1,1.5,1,4,0,8,20,9,3,14,1,1,1
727,1,2.5,1,0,1,1,9,9,1,16,1,1,3
1515,1,2.1,1,4,1,5,6,6,5,20,1,0,3
555,1,0.5,1,2,0,5,12,19,14,3,0,1,0
1589,0,0.6,0,0,0,5,2,7,5,19,1,1,3
1976,1,2.6,1,6,0,4,19,11,1,3,0,0,3
1884,0,1.0,1,3,0,6,4,15,8,9,1,1,1
1063,0,2.0,0,0,0,6,7,12,5,19,0,0,2
672,1,0.6,1,13,0,5,20,14,10,20,1,0,0
635,1,0.5,0,9,0,7,17,19,17,8,1,0,2
1906,1,1.9,1,3,0,3,4,13,5,4,1,0,1
1753,0,0.7,0,4,0,4,11,8,2,15,1,1,1
659,0,1.4,1,2,1,8,6,10,1,14,1,0,0
1583,0,1.2,1,0,0,2,4,13,6,8,0,0,2
1783,0,2.9,1,2,0,6,8,14,5,3,0,1,1
1667,0,1.0,1,0,1,2,0,17,7,15,1,0,0
640,0,1.3,1,5,1,8,20,15,7,8,1,1,2
1913,1,1.8,0,0,0,5,4,17,13,8,1,1,2
538,0,1.1,1,0,1,7,7,9,3,17,1,1,1
1191,0,0.8,0,6,1,6,9,19,18,7,1,0,0
816,0,3.0,1,2,0,1,3,10,3,14,1,0,3
915,1,0.5,1,9,1,2,16,7,3,13,1,1,1
1157,1,0.8,0,7,0,8,8,8,4,2,1,0,3
1201,1,0.5,0,2,0,7,7,15,6,14,1,1,0
1379,0,1.1,1,1,1,2,16,10,5,15,1,1,2
1483,1,2.2,0,3,1,5,11,6,3,10,1,0,1
1614,0,1.2,0,1,1,3,2,15,8,11,1,0,1
930,1,1.0,1,4,1,8,10,13,10,16,1,1,1
1784,0,1.6,0,4,0,6,20,14,1,11,0,1,2
1262,0,1.8,1,12,0,5,16,13,3,4,0,1,2
797,0,2.2,1,0,0,7,2,9,5,6,1,0,1
1829,1,2.1,0,8,0,5,15,16,6,5,1,1,3
1139,1,0.9,1,6,1,2,11,9,4,8,1,0,1
618,1,1.0,0,9,1,4,15,15,12,7,1,1,0
1547,1,2.9,0,2,0,1,3,9,2,19,0,1,1
586,0,2.8,0,2,0,3,11,12,8,3,0,0,1
1617,1,2.4,0,8,1,1,9,5,3,7,1,0,0
1882,0,2.0,0,11,1,8,19,19,8,20,1,1,3
674,1,2.9,1,1,0,3,4,6,3,4,1,1,0
1467,1,0.5,0,0,0,5,0,15,11,5,1,1,3
858,0,2.2,0,1,0,1,2,17,16,3,1,1,3
794,1,0.5,1,0,1,6,14,13,4,19,1,1,0
1965,1,2.6,1,0,0,4,3,11,10,16,1,1,2
1911,0,0.9,1,1,1,8,3,9,1,5,1,1,3
1512,0,0.9,0,4,1,5,5,18,10,19,1,1,0
510,1,2.0,1,5,1,6,16,19,4,2,1,1,3
